timestamp,ping_time,ping_sequence,dropped_packets,rtt_ms,system_id,component_id
340067185,339780187,335,2611123151,286.99802,255,0
340886377,340779752,336,2611123151,106.62501,255,0
341080500,340779752,336,2611123151,300.74802,255,0
341948330,341781249,337,2611123151,167.08101,255,0
341969532,341781249,337,2611123151,188.283,255,0
342939726,342781426,338,2611123151,158.3,255,0
343008452,342781426,338,2611123151,227.02602,255,0
343932113,343780911,339,2611123151,151.20201,255,0
343948619,343780911,339,2611123151,167.70801,255,0
344889345,344781567,340,2611123151,107.77801,255,0
344923866,344781567,340,2611123151,142.29901,255,0
345888676,345786031,341,2611123151,102.645004,255,0
345907975,345786031,341,2611123151,121.94401,255,0
346916200,346785769,342,2611123151,130.431,255,0
346944700,346785769,342,2611123151,158.93102,255,0
347845430,347785599,343,2611123151,59.831,255,0
347916980,347785599,343,2611123151,131.38101,255,0
348874185,348779123,344,2611123151,95.062004,255,0
348893460,348779123,344,2611123151,114.337006,255,0
349932741,349782178,345,2611123151,150.563,255,0
349946226,349782178,345,2611123151,164.048,255,0
350867001,350779168,346,2611123151,87.83301,255,0
350901614,350779168,346,2611123151,122.44601,255,0
351870270,351779986,347,2611123151,90.284004,255,0
351898341,351779986,347,2611123151,118.355,255,0
352870022,352782715,348,2611123151,87.30701,255,0
352890426,352782715,348,2611123151,107.711006,255,0
353870043,353779990,349,2611123151,90.053,255,0
353906387,353779990,349,2611123151,126.397,255,0
354878387,354783055,350,2611123151,95.332,255,0
354891118,354783055,350,2611123151,108.063,255,0
355880472,355780626,351,2611123151,99.84601,255,0
355900172,355780626,351,2611123151,119.546005,255,0
356902534,356780128,352,2611123151,122.406006,255,0
356919375,356780128,352,2611123151,139.24701,255,0
357907595,357780787,353,2611123151,126.80801,255,0
357923997,357780787,353,2611123151,143.21,255,0
358900434,358784489,354,2611123151,115.94501,255,0
358987922,358784489,354,2611123151,203.43301,255,0
359887539,359789450,355,2611123151,98.089005,255,0
359957579,359789450,355,2611123151,168.12901,255,0
360909494,360783889,356,2611123151,125.605,255,0
360937568,360783889,356,2611123151,153.679,255,0
361913497,361781513,357,2611123151,131.98401,255,0
361920154,361781513,357,2611123151,138.641,255,0
362896920,362785919,358,2611123151,111.00101,255,0
362983920,362785919,358,2611123151,198.001,255,0
363913495,363785953,359,2611123151,127.54201,255,0
363937472,363785953,359,2611123151,151.51901,255,0
364888356,364784655,360,2611123151,103.701004,255,0
364894031,364784655,360,2611123151,109.37601,255,0
365888535,365785475,361,2611123151,103.060005,255,0
365898239,365785475,361,2611123151,112.76401,255,0
366897534,366783033,362,2611123151,114.50101,255,0
366928945,366783033,362,2611123151,145.912,255,0
367897414,367782731,363,2611123151,114.68301,255,0
368953507,368782715,364,2611123151,170.792,255,0
369857330,369785355,365,2611123151,71.975006,255,0
369938538,369785355,365,2611123151,153.18301,255,0
370877930,370779705,366,2611123151,98.225006,255,0
370979528,370779705,366,2611123151,199.82301,255,0
371894234,371779646,367,2611123151,114.588005,255,0
371918070,371779646,367,2611123151,138.42401,255,0
372875023,372779917,368,2611123151,95.106,255,0
372934036,372779917,368,2611123151,154.119,255,0
373887535,373782395,369,2611123151,105.14001,255,0
373893795,373782395,369,2611123151,111.4,255,0
374899480,374788130,370,2611123151,111.350006,255,0
374928513,374788130,370,2611123151,140.38301,255,0
375847181,375784182,371,2611123151,62.999004,255,0
375939615,375784182,371,2611123151,155.43301,255,0
376867018,376780487,372,2611123151,86.531006,255,0
376892479,376780487,372,2611123151,111.992004,255,0
377876173,377787720,373,2611123151,88.453,255,0
377894863,377787720,373,2611123151,107.143005,255,0
378879807,378783528,374,2611123151,96.27901,255,0
378883388,378783528,374,2611123151,99.86001,255,0
379900568,379781019,375,2611123151,119.549,255,0
379928361,379781019,375,2611123151,147.34201,255,0
380905465,380784514,376,2611123151,120.951004,255,0
380928363,380784514,376,2611123151,143.84901,255,0
381861560,381781113,377,2611123151,80.44701,255,0
381888506,381781113,377,2611123151,107.393005,255,0
382944749,382780609,378,2611123151,164.14001,255,0
383001328,382780609,378,2611123151,220.71901,255,0
383908315,383784919,379,2611123151,123.396,255,0
384077483,383784919,379,2611123151,292.56403,255,0
384868422,384785189,380,2611123151,83.233,255,0
384885525,384785189,380,2611123151,100.336006,255,0
385864588,385782108,381,2611123151,82.48,255,0
385905405,385782108,381,2611123151,123.297005,255,0
386856719,386784995,382,2611123151,71.72401,255,0
386929166,386784995,382,2611123151,144.171,255,0
387904779,387785453,383,2611123151,119.326004,255,0
388862212,388782835,384,2611123151,79.37701,255,0
388929457,388782835,384,2611123151,146.62201,255,0
389916776,389786280,385,2611123151,130.496,255,0
389945793,389786280,385,2611123151,159.513,255,0
390889729,390779134,386,2611123151,110.59501,255,0
390909291,390779134,386,2611123151,130.15701,255,0
391846213,391782602,387,2611123151,63.611004,255,0
391869405,391782602,387,2611123151,86.803,255,0
392901991,392785915,388,2611123151,116.076004,255,0
392909279,392785915,388,2611123151,123.364006,255,0
393919576,393783077,389,2611123151,136.49901,255,0
393963813,393783077,389,2611123151,180.73601,255,0
394893992,394782079,390,2611123151,111.913,255,0
395058428,394782079,390,2611123151,276.349,255,0
395862916,395779800,391,2611123151,83.116005,255,0
395882819,395779800,391,2611123151,103.019005,255,0
396871553,396783126,392,2611123151,88.427,255,0
396930248,396783126,392,2611123151,147.12201,255,0
397888305,397783527,393,2611123151,104.77801,255,0
397939419,397783527,393,2611123151,155.89201,255,0
398912617,398783404,394,2611123151,129.21301,255,0
399032503,398783404,394,2611123151,249.09901,255,0
399911110,399783836,395,2611123151,127.27401,255,0
399919000,399783836,395,2611123151,135.164,255,0
400858921,400783877,396,2611123151,75.04401,255,0
400872568,400783877,396,2611123151,88.691,255,0
401867114,401780511,397,2611123151,86.603004,255,0
401908192,401780511,397,2611123151,127.68101,255,0
402880674,402781287,398,2611123151,99.387,255,0
402884094,402781287,398,2611123151,102.80701,255,0
403868229,403784823,399,2611123151,83.406006,255,0
403900464,403784823,399,2611123151,115.64101,255,0
404880574,404784322,400,2611123151,96.25201,255,0
404907919,404784322,400,2611123151,123.59701,255,0
405880713,405789349,401,2611123151,91.364006,255,0
405893471,405789349,401,2611123151,104.122,255,0
406884658,406783912,402,2611123151,100.746,255,0
406919939,406783912,402,2611123151,136.02701,255,0
407905150,407785309,403,2611123151,119.841,255,0
407952337,407785309,403,2611123151,167.02802,255,0
408880584,408786354,404,2611123151,94.23,255,0
408892632,408786354,404,2611123151,106.27801,255,0
409900493,409784949,405,2611123151,115.54401,255,0
409904337,409784949,405,2611123151,119.38801,255,0
410888706,410780988,406,2611123151,107.718,255,0
410910241,410780988,406,2611123151,129.253,255,0
411910121,411778869,407,2611123151,131.252,255,0
411938458,411778869,407,2611123151,159.589,255,0
412885498,412782825,408,2611123151,102.673004,255,0
412913189,412782825,408,2611123151,130.36401,255,0
413894323,413785813,409,2611123151,108.51,255,0
413937248,413785813,409,2611123151,151.43501,255,0
414889331,414782029,410,2611123151,107.302,255,0
414966892,414782029,410,2611123151,184.863,255,0
415889586,415782784,411,2611123151,106.802,255,0
415936946,415782784,411,2611123151,154.162,255,0
416882846,416782963,412,2611123151,99.883,255,0
416986202,416782963,412,2611123151,203.23901,255,0
417875108,417779184,413,2611123151,95.924,255,0
417902398,417779184,413,2611123151,123.214005,255,0
418902078,418779044,414,2611123151,123.034004,255,0
418962360,418779044,414,2611123151,183.31601,255,0
419891626,419782608,415,2611123151,109.018005,255,0
419939530,419782608,415,2611123151,156.92201,255,0
420872743,420780418,416,2611123151,92.325005,255,0
421039219,420780418,416,2611123151,258.80103,255,0
421875822,421780142,417,2611123151,95.68001,255,0
421907681,421780142,417,2611123151,127.53901,255,0
422880482,422779709,418,2611123151,100.773,255,0
423860457,423783343,419,2611123151,77.114006,255,0
423880450,423783343,419,2611123151,97.107,255,0
424891945,424780316,420,2611123151,111.629005,255,0
424902807,424780316,420,2611123151,122.491005,255,0
425879717,425783730,421,2611123151,95.98701,255,0
425891901,425783730,421,2611123151,108.171005,255,0
426876147,426780922,422,2611123151,95.225006,255,0
426889310,426780922,422,2611123151,108.38801,255,0
427893542,427779872,423,2611123151,113.670006,255,0
428035871,427779872,423,2611123151,255.99901,255,0
428899842,428780669,424,2611123151,119.173004,255,0
429852217,429784542,425,2611123151,67.675,255,0
429880379,429784542,425,2611123151,95.837006,255,0
430896805,430781604,426,2611123151,115.201004,255,0
430968805,430781604,426,2611123151,187.201,255,0
431884290,431780677,427,2611123151,103.61301,255,0
431896513,431780677,427,2611123151,115.836006,255,0
432881582,432785789,428,2611123151,95.79301,255,0
432913311,432785789,428,2611123151,127.522,255,0
433881180,433781770,429,2611123151,99.41,255,0
433930305,433781770,429,2611123151,148.535,255,0
434892715,434781157,430,2611123151,111.55801,255,0
434938587,434781157,430,2611123151,157.43001,255,0
435878387,435781905,431,2611123151,96.482,255,0
436014062,435781905,431,2611123151,232.15701,255,0
436901575,436782092,432,2611123151,119.48301,255,0
436929485,436782092,432,2611123151,147.393,255,0
437881116,437782251,433,2611123151,98.865005,255,0
437894529,437782251,433,2611123151,112.27801,255,0
438881784,438782566,434,2611123151,99.218,255,0
438961337,438782566,434,2611123151,178.77101,255,0
439886560,439783884,435,2611123151,102.676,255,0
439921794,439783884,435,2611123151,137.91,255,0
440858042,440779411,436,2611123151,78.631004,255,0
440866010,440779411,436,2611123151,86.59901,255,0
441871527,441782992,437,2611123151,88.535,255,0
441911526,441782992,437,2611123151,128.53401,255,0
442850613,442779207,438,2611123151,71.406006,255,0
442890206,442779207,438,2611123151,110.99901,255,0
443891516,443780032,439,2611123151,111.48401,255,0
443894915,443780032,439,2611123151,114.883,255,0
444912336,444783767,440,2611123151,128.569,255,0
445072482,444783767,440,2611123151,288.71503,255,0
445904571,445784659,441,2611123151,119.912,255,0
446880123,446779956,442,2611123151,100.16701,255,0
446943423,446779956,442,2611123151,163.46701,255,0
447892523,447784122,443,2611123151,108.40101,255,0
448173307,447784122,443,2611123151,389.18503,255,0
448901562,448780545,444,2611123151,121.017006,255,0
449472654,448780545,444,2611123151,692.109,255,0
449920180,449780728,445,2611123151,139.45201,255,0
449996976,449780728,445,2611123151,216.24802,255,0
450892655,450781015,446,2611123151,111.64001,255,0
450979184,450781015,446,2611123151,198.169,255,0
451880335,451780007,447,2611123151,100.328,255,0
451939667,451780007,447,2611123151,159.66,255,0
452893482,452781569,448,2611123151,111.913,255,0
452944977,452781569,448,2611123151,163.408,255,0
453841576,453785570,449,2611123151,56.006004,255,0
453893978,453785570,449,2611123151,108.408005,255,0
454920785,454780936,450,2611123151,139.849,255,0
454924227,454780936,450,2611123151,143.291,255,0
455901406,455781756,451,2611123151,119.65001,255,0
456921447,456783167,452,2611123151,138.28001,255,0
456961803,456783167,452,2611123151,178.636,255,0
457870148,457782248,453,2611123151,87.9,255,0
457941317,457782248,453,2611123151,159.069,255,0
458883089,458779176,454,2611123151,103.913,255,0
458925227,458779176,454,2611123151,146.05101,255,0
459891618,459789480,455,2611123151,102.13801,255,0
459902289,459789480,455,2611123151,112.809006,255,0
460903517,460778865,456,2611123151,124.65201,255,0
460922460,460778865,456,2611123151,143.595,255,0
461883540,461782608,457,2611123151,100.93201,255,0
461930345,461782608,457,2611123151,147.737,255,0
462882708,462779685,458,2611123151,103.023,255,0
462885986,462779685,458,2611123151,106.301,255,0
463902083,463779051,459,2611123151,123.032005,255,0
464024588,463779051,459,2611123151,245.53702,255,0
464872547,464780684,460,2611123151,91.86301,255,0
464894597,464780684,460,2611123151,113.913,255,0
465871643,465783320,461,2611123151,88.323006,255,0
465892473,465783320,461,2611123151,109.15301,255,0
466892456,466779861,462,2611123151,112.59501,255,0
466939165,466779861,462,2611123151,159.304,255,0
467856565,467779985,463,2611123151,76.58,255,0
467871819,467779985,463,2611123151,91.83401,255,0
468857628,468780834,464,2611123151,76.79401,255,0
468893117,468780834,464,2611123151,112.283005,255,0
469883830,469780914,465,2611123151,102.91601,255,0
469921629,469780914,465,2611123151,140.71501,255,0
470885468,470781494,466,2611123151,103.97401,255,0
470903644,470781494,466,2611123151,122.15001,255,0
471852992,471781580,467,2611123151,71.412,255,0
471913019,471781580,467,2611123151,131.43901,255,0
472885280,472781764,468,2611123151,103.51601,255,0
472928940,472781764,468,2611123151,147.17601,255,0
473878297,473781007,469,2611123151,97.29,255,0
473905465,473781007,469,2611123151,124.45801,255,0
474893391,474782002,470,2611123151,111.38901,255,0
474949616,474782002,470,2611123151,167.61401,255,0
475868653,475781557,471,2611123151,87.096,255,0
475928493,475781557,471,2611123151,146.936,255,0
476857439,476778405,472,2611123151,79.034004,255,0
476881729,476778405,472,2611123151,103.324005,255,0
477881581,477781525,473,2611123151,100.05601,255,0
477905743,477781525,473,2611123151,124.218,255,0
478876830,478779006,474,2611123151,97.824005,255,0
478901118,478779006,474,2611123151,122.11201,255,0
479865593,479778933,475,2611123151,86.66,255,0
479933958,479778933,475,2611123151,155.02501,255,0
480858094,480779611,476,2611123151,78.483,255,0
480882153,480779611,476,2611123151,102.54201,255,0
481863596,481779194,477,2611123151,84.402,255,0
481870938,481779194,477,2611123151,91.744,255,0
482875360,482780024,478,2611123151,95.336006,255,0
482910968,482780024,478,2611123151,130.944,255,0
483862806,483779170,479,2611123151,83.636,255,0
483904481,483779170,479,2611123151,125.311005,255,0
484876219,484780006,480,2611123151,96.213005,255,0
484914800,484780006,480,2611123151,134.794,255,0
485875745,485783078,481,2611123151,92.66701,255,0
485936464,485783078,481,2611123151,153.386,255,0
486876607,486779726,482,2611123151,96.881004,255,0
486932509,486779726,482,2611123151,152.783,255,0
487896304,487784970,483,2611123151,111.33401,255,0
487912793,487784970,483,2611123151,127.823006,255,0
488877559,488780302,484,2611123151,97.257,255,0
489461514,488780302,484,2611123151,681.21204,255,0
489852026,489780642,485,2611123151,71.384,255,0
489952968,489780642,485,2611123151,172.326,255,0
490863794,490780502,486,2611123151,83.29201,255,0
490920470,490780502,486,2611123151,139.968,255,0
491875911,491781160,487,2611123151,94.75101,255,0
491904669,491781160,487,2611123151,123.509,255,0
492889193,492781123,488,2611123151,108.07001,255,0
492933167,492781123,488,2611123151,152.044,255,0
493908579,493781530,489,2611123151,127.049,255,0
493924647,493781530,489,2611123151,143.117,255,0
494896679,494785526,490,2611123151,111.15301,255,0
494924408,494785526,490,2611123151,138.882,255,0
495889180,495782603,491,2611123151,106.577,255,0
495974110,495782603,491,2611123151,191.507,255,0
496882653,496783102,492,2611123151,99.551,255,0
497210525,496783102,492,2611123151,427.42303,255,0
497875021,497782797,493,2611123151,92.22401,255,0
498878202,498779152,494,2611123151,99.05,255,0
498930563,498779152,494,2611123151,151.41101,255,0
499872008,499779410,495,2611123151,92.59801,255,0
499875531,499779410,495,2611123151,96.121,255,0
500895573,500778867,496,2611123151,116.70601,255,0
501031712,500778867,496,2611123151,252.84502,255,0
501878271,501779005,497,2611123151,99.26601,255,0
501946791,501779005,497,2611123151,167.78601,255,0
502954912,502783887,498,2611123151,171.02501,255,0
503020447,502783887,498,2611123151,236.56001,255,0
503891645,503779159,499,2611123151,112.48601,255,0
503922734,503779159,499,2611123151,143.57501,255,0
506883533,506780837,502,2611123151,102.69601,255,0
506925482,506780837,502,2611123151,144.645,255,0
507903811,507784939,503,2611123151,118.87201,255,0
507920041,507784939,503,2611123151,135.102,255,0
508875911,508781134,504,2611123151,94.77701,255,0
508907552,508781134,504,2611123151,126.41801,255,0
509888702,509781805,505,2611123151,106.897,255,0
509904592,509781805,505,2611123151,122.787,255,0
510896745,510780943,506,2611123151,115.802,255,0
510914469,510780943,506,2611123151,133.526,255,0
511904948,511781604,507,2611123151,123.34401,255,0
511924197,511781604,507,2611123151,142.593,255,0
512865403,512783100,508,2611123151,82.303,255,0
512893355,512783100,508,2611123151,110.255005,255,0
513906981,513782058,509,2611123151,124.923004,255,0
514869279,514782037,510,2611123151,87.242004,255,0
514878390,514782037,510,2611123151,96.353004,255,0
515853906,515782715,511,2611123151,71.191,255,0
515894345,515782715,511,2611123151,111.630005,255,0
516882258,516778922,512,2611123151,103.336006,255,0
516894423,516778922,512,2611123151,115.50101,255,0
517874608,517778968,513,2611123151,95.64001,255,0
517906819,517778968,513,2611123151,127.851006,255,0
518871536,518779639,514,2611123151,91.897,255,0
518886095,518779639,514,2611123151,106.456,255,0
519879558,519783736,515,2611123151,95.82201,255,0
520878896,520779695,516,2611123151,99.201004,255,0
521004448,520779695,516,2611123151,224.753,255,0
521883631,521779940,517,2611123151,103.691,255,0
522022892,521779940,517,2611123151,242.95201,255,0
522885522,522780000,518,2611123151,105.522,255,0
523869603,523780583,519,2611123151,89.020004,255,0
523883537,523780583,519,2611123151,102.954,255,0
524883799,524780155,520,2611123151,103.644005,255,0
524980484,524780155,520,2611123151,200.32901,255,0
525876660,525781950,521,2611123151,94.71001,255,0
525914079,525781950,521,2611123151,132.12901,255,0
526876576,526781440,522,2611123151,95.136,255,0
526889220,526781440,522,2611123151,107.78001,255,0
527893184,527780836,523,2611123151,112.34801,255,0
527948391,527780836,523,2611123151,167.55501,255,0
528905462,528778941,524,2611123151,126.521,255,0
528942544,528778941,524,2611123151,163.60301,255,0
529865618,529779212,525,2611123151,86.406006,255,0
529894531,529779212,525,2611123151,115.31901,255,0
530881944,530781536,526,2611123151,100.408005,255,0
530910286,530781536,526,2611123151,128.75,255,0
531931417,531779512,527,2611123151,151.90501,255,0
531954829,531779512,527,2611123151,175.317,255,0
532875588,532779352,528,2611123151,96.23601,255,0
532907645,532779352,528,2611123151,128.293,255,0
533847529,533779751,529,2611123151,67.778,255,0
533867985,533779751,529,2611123151,88.234,255,0
534862555,534780833,530,2611123151,81.722,255,0
534924504,534780833,530,2611123151,143.671,255,0
535915627,535783171,531,2611123151,132.45601,255,0
535926531,535783171,531,2611123151,143.36,255,0
536853142,536780377,532,2611123151,72.76501,255,0
536908098,536780377,532,2611123151,127.72101,255,0
537857445,537780701,533,2611123151,76.744,255,0
537868707,537780701,533,2611123151,88.006004,255,0
538876511,538781597,534,2611123151,94.914,255,0
538885449,538781597,534,2611123151,103.852005,255,0
539905455,539789333,535,2611123151,116.12201,255,0
539937480,539789333,535,2611123151,148.147,255,0
540933588,540781286,536,2611123151,152.302,255,0
540952951,540781286,536,2611123151,171.66501,255,0
541884389,541781748,537,2611123151,102.64101,255,0
541952981,541781748,537,2611123151,171.233,255,0
542900671,542781604,538,2611123151,119.06701,255,0
542921481,542781604,538,2611123151,139.87701,255,0
543845754,543779126,539,2611123151,66.628006,255,0
543926211,543779126,539,2611123151,147.085,255,0
544874597,544782976,540,2611123151,91.621,255,0
544925780,544782976,540,2611123151,142.804,255,0
545874015,545783133,541,2611123151,90.882,255,0
545885481,545783133,541,2611123151,102.34801,255,0
546909559,546778865,542,2611123151,130.694,255,0
546934157,546778865,542,2611123151,155.292,255,0
547887559,547779212,543,2611123151,108.34701,255,0
547927556,547779212,543,2611123151,148.34401,255,0
548910866,548782832,544,2611123151,128.03401,255,0
548914540,548782832,544,2611123151,131.70801,255,0
549886855,549783567,545,2611123151,103.288,255,0
549979518,549783567,545,2611123151,195.951,255,0
550875533,550779720,546,2611123151,95.813,255,0
550915403,550779720,546,2611123151,135.68301,255,0
551895546,551780318,547,2611123151,115.228004,255,0
551939595,551780318,547,2611123151,159.27701,255,0
552884221,552781601,548,2611123151,102.62,255,0
553047660,552781601,548,2611123151,266.05902,255,0
553876175,553783989,549,2611123151,92.186005,255,0
554061560,553783989,549,2611123151,277.571,255,0
554883695,554784002,550,2611123151,99.69301,255,0
555021463,554784002,550,2611123151,237.46101,255,0
555877577,555785247,551,2611123151,92.33,255,0
555888018,555785247,551,2611123151,102.771,255,0
556880435,556782213,552,2611123151,98.22201,255,0
556956840,556782213,552,2611123151,174.62701,255,0
557933726,557781535,553,2611123151,152.19101,255,0
557944816,557781535,553,2611123151,163.281,255,0
558894692,558781578,554,2611123151,113.114006,255,0
558924823,558781578,554,2611123151,143.24501,255,0
559882297,559787102,555,2611123151,95.19501,255,0
560149530,559787102,555,2611123151,362.428,255,0
560886809,560778845,556,2611123151,107.964005,255,0
560917509,560778845,556,2611123151,138.664,255,0
561875532,561779650,557,2611123151,95.882,255,0
562078746,561779650,557,2611123151,299.096,255,0
562894260,562783768,558,2611123151,110.492004,255,0
563862781,563779869,559,2611123151,82.912,255,0
563910732,563779869,559,2611123151,130.863,255,0
564875521,564780341,560,2611123151,95.18001,255,0
565044149,564780341,560,2611123151,263.808,255,0
565916559,565783179,561,2611123151,133.38,255,0
566888462,566780721,562,2611123151,107.741005,255,0
566912708,566780721,562,2611123151,131.987,255,0
567895573,567780474,563,2611123151,115.09901,255,0
567900588,567780474,563,2611123151,120.114006,255,0
568876708,568780850,564,2611123151,95.858,255,0
568952134,568780850,564,2611123151,171.28401,255,0
569888745,569780718,565,2611123151,108.02701,255,0
569980416,569780718,565,2611123151,199.69801,255,0
570885551,570781020,566,2611123151,104.531006,255,0
570964428,570781020,566,2611123151,183.408,255,0
571900363,571784767,567,2611123151,115.59601,255,0
571913169,571784767,567,2611123151,128.40201,255,0
572865433,572779094,568,2611123151,86.339005,255,0
572905958,572779094,568,2611123151,126.864006,255,0
573882544,573778760,569,2611123151,103.784004,255,0
573885746,573778760,569,2611123151,106.98601,255,0
574878290,574778838,570,2611123151,99.452,255,0
574889734,574778838,570,2611123151,110.896,255,0
575907667,575779878,571,2611123151,127.78901,255,0
576878320,576778856,572,2611123151,99.464005,255,0
576919535,576778856,572,2611123151,140.679,255,0
577879635,577779875,573,2611123151,99.76,255,0
577887343,577779875,573,2611123151,107.468,255,0
578852547,578779584,574,2611123151,72.963005,255,0
578886984,578779584,574,2611123151,107.4,255,0
579876188,579780454,575,2611123151,95.734,255,0
579923221,579780454,575,2611123151,142.76701,255,0
580868342,580780138,576,2611123151,88.204,255,0
580896209,580780138,576,2611123151,116.07101,255,0
581895831,581779799,577,2611123151,116.032005,255,0
582412674,581779799,577,2611123151,632.875,255,0
582933356,582780195,578,2611123151,153.16101,255,0
583003414,582780195,578,2611123151,223.21901,255,0
583856489,583780726,579,2611123151,75.763,255,0
583936906,583780726,579,2611123151,156.18001,255,0
584883987,584780646,580,2611123151,103.341,255,0
584913158,584780646,580,2611123151,132.51201,255,0
585908589,585781174,581,2611123151,127.41501,255,0
586065554,585781174,581,2611123151,284.38,255,0
586901382,586779179,582,2611123151,122.203,255,0
586941932,586779179,582,2611123151,162.753,255,0
587886539,587782306,583,2611123151,104.233,255,0
587905468,587782306,583,2611123151,123.162,255,0
588862517,588782169,584,2611123151,80.34801,255,0
588910317,588782169,584,2611123151,128.14801,255,0
589879542,589778719,585,2611123151,100.823006,255,0
590022523,589778719,585,2611123151,243.80402,255,0
590891369,590778892,586,2611123151,112.477005,255,0
590946854,590778892,586,2611123151,167.962,255,0
591887066,591779365,587,2611123151,107.701004,255,0
591984491,591779365,587,2611123151,205.126,255,0
592871243,592780151,588,2611123151,91.092,255,0
592906967,592780151,588,2611123151,126.81601,255,0
593896656,593782412,589,2611123151,114.244,255,0
593991711,593782412,589,2611123151,209.29901,255,0
594917512,594779857,590,2611123151,137.65501,255,0
594968637,594779857,590,2611123151,188.78001,255,0
595897447,595780306,591,2611123151,117.14101,255,0
596112659,595780306,591,2611123151,332.35303,255,0
596892322,596784586,592,2611123151,107.73601,255,0
596928008,596784586,592,2611123151,143.42201,255,0
597897233,597781550,593,2611123151,115.68301,255,0
597941471,597781550,593,2611123151,159.921,255,0
598892465,598780563,594,2611123151,111.90201,255,0
599866389,599781438,595,2611123151,84.951004,255,0
599929145,599781438,595,2611123151,147.707,255,0
600886802,600779034,596,2611123151,107.768005,255,0
600897294,600779034,596,2611123151,118.26,255,0
601857774,601779047,597,2611123151,78.727005,255,0
601874516,601779047,597,2611123151,95.469,255,0
602853548,602778811,598,2611123151,74.73701,255,0
602919545,602778811,598,2611123151,140.73401,255,0
603886057,603783331,599,2611123151,102.726006,255,0
603893576,603783331,599,2611123151,110.245,255,0
604887595,604782961,600,2611123151,104.634,255,0
604919529,604782961,600,2611123151,136.56801,255,0
605895095,605782927,601,2611123151,112.16801,255,0
606174606,605782927,601,2611123151,391.67902,255,0
606878971,606780383,602,2611123151,98.588005,255,0
607019561,606780383,602,2611123151,239.17801,255,0
607895329,607784137,603,2611123151,111.19201,255,0
607918750,607784137,603,2611123151,134.613,255,0
608887701,608783869,604,2611123151,103.83201,255,0
608925468,608783869,604,2611123151,141.59901,255,0
609876319,609781489,605,2611123151,94.83,255,0
609887679,609781489,605,2611123151,106.19,255,0
610895922,610784727,606,2611123151,111.19501,255,0
610927749,610784727,606,2611123151,143.022,255,0
611858232,611780816,607,2611123151,77.416,255,0
611896992,611780816,607,2611123151,116.176,255,0
612956405,612780630,608,2611123151,175.77501,255,0
612964137,612780630,608,2611123151,183.507,255,0
613914091,613790009,609,2611123151,124.08201,255,0
614849813,614783101,610,2611123151,66.712006,255,0
614868831,614783101,610,2611123151,85.73,255,0
615865923,615778800,611,2611123151,87.123,255,0
615898202,615778800,611,2611123151,119.40201,255,0
616877983,616779863,612,2611123151,98.12,255,0
616898894,616779863,612,2611123151,119.031006,255,0
617858343,617778705,613,2611123151,79.638,255,0
617938951,617778705,613,2611123151,160.246,255,0
618878846,618780468,614,2611123151,98.378006,255,0
618899333,618780468,614,2611123151,118.865005,255,0
619874998,619779955,615,2611123151,95.04301,255,0
619920546,619779955,615,2611123151,140.591,255,0
620891820,620779681,616,2611123151,112.13901,255,0
620899787,620779681,616,2611123151,120.106,255,0
621887210,621780563,617,2611123151,106.647,255,0
622184447,621780563,617,2611123151,403.88403,255,0
622859850,622780644,618,2611123151,79.206,255,0
622887205,622780644,618,2611123151,106.561005,255,0
623844606,623780407,619,2611123151,64.199005,255,0
623908542,623780407,619,2611123151,128.13501,255,0
624868938,624781444,620,2611123151,87.494,255,0
624877365,624781444,620,2611123151,95.921005,255,0
625896978,625781739,621,2611123151,115.239006,255,0
626885573,626778283,622,2611123151,107.29001,255,0
626913009,626778283,622,2611123151,134.72601,255,0
627897571,627782139,623,2611123151,115.43201,255,0
627913949,627782139,623,2611123151,131.81001,255,0
628881239,628782236,624,2611123151,99.003006,255,0
628922509,628782236,624,2611123151,140.27301,255,0
629877997,629778738,625,2611123151,99.259,255,0
630171022,629778738,625,2611123151,392.28403,255,0
630854612,630779604,626,2611123151,75.008,255,0
630891134,630779604,626,2611123151,111.53001,255,0
631888446,631779129,627,2611123151,109.31701,255,0
632186549,631779129,627,2611123151,407.42,255,0
632888572,632778932,628,2611123151,109.64001,255,0
632920475,632778932,628,2611123151,141.543,255,0
633888189,633779830,629,2611123151,108.35901,255,0
633919167,633779830,629,2611123151,139.337,255,0
634880214,634780192,630,2611123151,100.022,255,0
634899358,634780192,630,2611123151,119.16601,255,0
636876742,636781451,632,2611123152,95.29101,255,0
636884144,636781451,632,2611123152,102.69301,255,0
637856717,637781023,633,2611123152,75.694,255,0
637884659,637781023,633,2611123152,103.636,255,0
638877232,638781270,634,2611123152,95.962006,255,0
638898198,638781270,634,2611123152,116.92801,255,0
639872911,639778977,635,2611123152,93.934006,255,0
639914052,639778977,635,2611123152,135.07501,255,0
640888822,640782127,636,2611123152,106.69501,255,0
640921459,640782127,636,2611123152,139.332,255,0
641879132,641783395,637,2611123152,95.73701,255,0
641894422,641783395,637,2611123152,111.02701,255,0
642858073,642778875,638,2611123152,79.198006,255,0
642878801,642778875,638,2611123152,99.926,255,0
643879671,643782830,639,2611123152,96.841,255,0
643891318,643782830,639,2611123152,108.48801,255,0
645891375,645779816,641,2611123152,111.559006,255,0
645900518,645779816,641,2611123152,120.702,255,0
646900004,646781365,642,2611123152,118.63901,255,0
646937627,646781365,642,2611123152,156.26201,255,0
647867736,647784031,643,2611123152,83.705,255,0
647907593,647784031,643,2611123152,123.562004,255,0
648868177,648780590,644,2611123152,87.587006,255,0
648889190,648780590,644,2611123152,108.600006,255,0
649901518,649780580,645,2611123152,120.938,255,0
649984866,649780580,645,2611123152,204.28601,255,0
650901263,650781772,646,2611123152,119.491005,255,0
650941187,650781772,646,2611123152,159.41501,255,0
651881519,651782147,647,2611123152,99.372,255,0
651905435,651782147,647,2611123152,123.28801,255,0
652857341,652781996,648,2611123152,75.345,255,0
652878000,652781996,648,2611123152,96.004005,255,0
653895974,653779120,649,2611123152,116.854004,255,0
653899579,653779120,649,2611123152,120.45901,255,0
654898684,654779893,650,2611123152,118.79101,255,0
654928003,654779893,650,2611123152,148.11,255,0
655892505,655780647,651,2611123152,111.858,255,0
655942544,655780647,651,2611123152,161.897,255,0
656860608,656779609,652,2611123152,80.999,255,0
656960577,656779609,652,2611123152,180.968,255,0
657868994,657779758,653,2611123152,89.23601,255,0
658063020,657779758,653,2611123152,283.26202,255,0
658892592,658780166,654,2611123152,112.426,255,0
658961503,658780166,654,2611123152,181.337,255,0
659847924,659781234,655,2611123152,66.69,255,0
659881467,659781234,655,2611123152,100.233,255,0
660880009,660781549,656,2611123152,98.46001,255,0
661017618,660781549,656,2611123152,236.06902,255,0
661889488,661781696,657,2611123152,107.79201,255,0
661997719,661781696,657,2611123152,216.02301,255,0
662870335,662781206,658,2611123152,89.129005,255,0
662917152,662781206,658,2611123152,135.946,255,0
663909151,663781613,659,2611123152,127.53801,255,0
664250619,663781613,659,2611123152,469.006,255,0
664891551,664779046,660,2611123152,112.505005,255,0
665083532,664779046,660,2611123152,304.48602,255,0
665863672,665778980,661,2611123152,84.692,255,0
665931168,665778980,661,2611123152,152.188,255,0
666934388,666779591,662,2611123152,154.79701,255,0
667178953,666779591,662,2611123152,399.36203,255,0
667899386,667779107,663,2611123152,120.27901,255,0
667940030,667779107,663,2611123152,160.923,255,0
668885539,668779904,664,2611123152,105.635,255,0
668920447,668779904,664,2611123152,140.543,255,0
669879208,669780148,665,2611123152,99.060005,255,0
670095488,669780148,665,2611123152,315.34003,255,0
670911731,670780479,666,2611123152,131.252,255,0
670963760,670780479,666,2611123152,183.281,255,0
671904308,671780732,667,2611123152,123.576004,255,0
671961560,671780732,667,2611123152,180.828,255,0
672940393,672780840,668,2611123152,159.55301,255,0
672974269,672780840,668,2611123152,193.42902,255,0
673882514,673781171,669,2611123152,101.343,255,0
673909511,673781171,669,2611123152,128.34001,255,0
674869288,674782802,670,2611123152,86.48601,255,0
674893378,674782802,670,2611123152,110.576004,255,0
675901745,675782850,671,2611123152,118.895004,255,0
675943589,675782850,671,2611123152,160.73901,255,0
676883613,676782328,672,2611123152,101.285,255,0
676895537,676782328,672,2611123152,113.20901,255,0
677903549,677779204,673,2611123152,124.34501,255,0
677914876,677779204,673,2611123152,135.67201,255,0
678892563,678779763,674,2611123152,112.8,255,0
678902600,678779763,674,2611123152,122.837006,255,0
679856628,679779688,675,2611123152,76.94,255,0
679880488,679779688,675,2611123152,100.8,255,0
680872390,680780163,676,2611123152,92.227005,255,0
680895620,680780163,676,2611123152,115.45701,255,0
681892749,681780686,677,2611123152,112.063,255,0
681949623,681780686,677,2611123152,168.93701,255,0
682872990,682781246,678,2611123152,91.744,255,0
682896138,682781246,678,2611123152,114.892006,255,0
683880031,683781151,679,2611123152,98.880005,255,0
684156536,683781151,679,2611123152,375.385,255,0
684874309,684778909,680,2611123152,95.4,255,0
684905560,684778909,680,2611123152,126.65101,255,0
685889295,685781409,681,2611123152,107.886,255,0
685916680,685781409,681,2611123152,135.27101,255,0
686853918,686779026,682,2611123152,74.892006,255,0
686942804,686779026,682,2611123152,163.77802,255,0
687879536,687779134,683,2611123152,100.40201,255,0
687889818,687779134,683,2611123152,110.684006,255,0
688872618,688779193,684,2611123152,93.425,255,0
688907141,688779193,684,2611123152,127.948006,255,0
689880543,689779318,685,2611123152,101.225006,255,0
690144605,689779318,685,2611123152,365.28702,255,0
690920555,690780393,686,2611123152,140.162,255,0
690926429,690780393,686,2611123152,146.03601,255,0
691897466,691780160,687,2611123152,117.30601,255,0
691909277,691780160,687,2611123152,129.117,255,0
692897513,692779722,688,2611123152,117.79101,255,0
692929308,692779722,688,2611123152,149.58601,255,0
693893491,693780677,689,2611123152,112.814,255,0
693913224,693780677,689,2611123152,132.54701,255,0
694849270,694780668,690,2611123152,68.602005,255,0
694892797,694780668,690,2611123152,112.129005,255,0
695873771,695778825,691,2611123152,94.94601,255,0
695918533,695778825,691,2611123152,139.70801,255,0
696921816,696781884,692,2611123152,139.932,255,0
696933421,696781884,692,2611123152,151.537,255,0
697845937,697778967,693,2611123152,66.97,255,0
697901965,697778967,693,2611123152,122.99801,255,0
698850999,698779639,694,2611123152,71.36,255,0
699023597,698779639,694,2611123152,243.95801,255,0
700871073,700779774,696,2611123152,91.299,255,0
700876154,700779774,696,2611123152,96.380005,255,0
701883689,701779100,697,2611123152,104.589005,255,0
702244110,701779100,697,2611123152,465.01,255,0
702856462,702779986,698,2611123152,76.476006,255,0
702880657,702779986,698,2611123152,100.671005,255,0
703873509,703779697,699,2611123152,93.812004,255,0
703936503,703779697,699,2611123152,156.80602,255,0
704895810,704780851,700,2611123152,114.95901,255,0
704912597,704780851,700,2611123152,131.746,255,0
705896476,705781195,701,2611123152,115.281006,255,0
705900202,705781195,701,2611123152,119.007,255,0
706901283,706781287,702,2611123152,119.996,255,0
706906582,706781287,702,2611123152,125.295006,255,0
707874995,707778823,703,2611123152,96.172005,255,0
707921760,707778823,703,2611123152,142.93701,255,0
708910338,708779332,704,2611123152,131.00601,255,0
708913952,708779332,704,2611123152,134.62001,255,0
709874945,709779008,705,2611123152,95.937004,255,0
710866569,710779035,706,2611123152,87.534004,255,0
710918610,710779035,706,2611123152,139.57501,255,0
711899756,711779651,707,2611123152,120.105,255,0
711975723,711779651,707,2611123152,196.072,255,0
712867533,712780341,708,2611123152,87.192,255,0
712872220,712780341,708,2611123152,91.879005,255,0
713921545,713779867,709,2611123152,141.67801,255,0
713979029,713779867,709,2611123152,199.162,255,0
714913465,714780397,710,2611123152,133.06801,255,0
714968807,714780397,710,2611123152,188.41,255,0
715859935,715780412,711,2611123152,79.523,255,0
715893596,715780412,711,2611123152,113.184006,255,0
716923851,716780539,712,2611123152,143.31201,255,0
716933624,716780539,712,2611123152,153.085,255,0
717877166,717781488,713,2611123152,95.678,255,0
717918511,717781488,713,2611123152,137.02301,255,0
718921386,718781742,714,2611123152,139.64401,255,0
718969467,718781742,714,2611123152,187.725,255,0
719901378,719782079,715,2611123152,119.299,255,0
719921936,719782079,715,2611123152,139.85701,255,0
720873899,720778917,716,2611123152,94.982,255,0
720935593,720778917,716,2611123152,156.67601,255,0
721934559,721779164,717,2611123152,155.395,255,0
721986854,721779164,717,2611123152,207.69,255,0
722918529,722779600,718,2611123152,138.929,255,0
722924476,722779600,718,2611123152,144.876,255,0
723888998,723780403,719,2611123152,108.59501,255,0
723951873,723780403,719,2611123152,171.47,255,0
724939824,724780012,720,2611123152,159.81201,255,0
724991371,724780012,720,2611123152,211.35901,255,0
