timestamp,voltage_v,voltage_filtered_v,current_a,current_filtered_a,average_current_a,discharged_mah,remaining,scale,temperature,cell_count,capacity,cycle_count,run_time_to_empty,average_time_to_empty,serial_number,connected,system_source,priority,is_powering_off,warning
340437342,24.036022,24.341494,4.9864006,4.1325192,0.0,4.2348256,0.9189793,1.0,0.0,6,0,0,0,0,0,1,1,0,0,0
340941332,20.04294,22.820116,54.663414,29.179129,0.0,10.290381,0.917685,1.0551627,0.0,6,0,0,0,0,0,1,1,0,0,0
341446180,20.934599,21.930384,41.761105,40.720856,0.0,17.301981,0.9151609,1.095631,0.0,6,0,0,0,0,0,1,1,0,0,0
341950183,20.798912,21.62941,39.610718,39.882744,0.0,22.801258,0.91199607,1.1123667,0.0,6,0,0,0,0,0,1,1,0,0,0
342454204,20.934599,21.390266,39.79771,39.94141,0.0,28.403135,0.90819126,1.1256533,0.0,6,0,0,0,0,0,1,1,0,0,0
342958369,20.963676,21.234142,39.6263,39.813488,0.0,33.968407,0.90391624,1.1344597,0.0,6,0,0,0,0,0,1,1,0,0,0
343462298,20.924908,21.123348,39.42373,39.697178,0.0,39.515263,0.89932066,1.1407516,0.0,6,0,0,0,0,0,1,1,0,0,0
343966132,20.915216,21.049553,39.470474,39.629894,0.0,45.05103,0.89450467,1.1449805,0.0,6,0,0,0,0,0,1,1,0,0,0
344471368,21.991022,21.100273,26.240932,37.385635,0.0,50.197,0.8896491,1.1434098,0.0,6,0,0,0,0,0,1,1,0,0,0
344974978,21.83595,21.442345,26.396757,30.063478,0.0,53.621414,0.8856796,1.1295918,0.0,6,0,0,0,0,0,1,1,0,0,0
345970957,21.390121,21.552214,31.39874,30.071648,0.0,61.793457,0.8784723,1.1257908,0.0,6,0,0,0,0,0,1,1,0,0,0
346474924,20.77953,21.424665,36.99286,33.09732,0.0,66.696434,0.87463886,1.1313572,0.0,6,0,0,0,0,0,1,1,0,0,0
346978907,21.041212,21.25656,36.852615,35.79811,0.0,72.00749,0.8704097,1.138619,0.0,6,0,0,0,0,0,1,1,0,0,0
347483111,21.525808,21.265572,31.881798,34.475307,0.0,76.75332,0.8661608,1.1381557,0.0,6,0,0,0,0,0,1,1,0,0,0
347987904,21.700264,21.384443,28.126415,31.607885,0.0,80.924095,0.8621948,1.133431,0.0,6,0,0,0,0,0,1,1,0,0,0
348491759,21.651804,21.520683,27.581028,29.378067,0.0,84.792595,0.8585738,1.1279174,0.0,6,0,0,0,0,0,1,1,0,0,0
348995911,21.545193,21.551134,31.274082,29.740946,0.0,88.95221,0.85508573,1.1266319,0.0,6,0,0,0,0,0,1,1,0,0,0
349500004,21.438581,21.546314,31.897383,30.324701,0.0,93.256,0.85160196,1.1266863,0.0,6,0,0,0,0,0,1,1,0,0,0
350003754,21.719646,21.582495,28.547144,29.647808,0.0,97.36913,0.8481923,1.125114,0.0,6,0,0,0,0,0,1,1,0,0,0
350507864,21.758415,21.623404,29.482094,29.107672,0.0,101.381744,0.84491694,1.1232864,0.0,6,0,0,0,0,0,1,1,0,0,0
351011771,21.322277,21.590677,32.723255,29.97089,0.0,105.646515,0.8416321,1.1245941,0.0,6,0,0,0,0,0,1,1,0,0,0
351516568,21.438581,21.485641,32.318108,31.888275,0.0,110.33048,0.8381385,1.1290976,0.0,6,0,0,0,0,0,1,1,0,0,0
352008651,21.448273,21.433264,32.318108,32.401684,0.0,114.811485,0.83462834,1.1313887,0.0,6,0,0,0,0,0,1,1,0,0,0
352512487,20.915216,21.36701,36.18257,33.238213,0.0,119.50771,0.8309486,1.1342839,0.0,6,0,0,0,0,0,1,1,0,0,0
353016487,21.273817,21.301603,33.50238,33.883476,0.0,124.34458,0.8271041,1.1370867,0.0,6,0,0,0,0,0,1,1,0,0,0
353520656,21.380428,21.30178,32.879078,33.046974,0.0,128.88857,0.8232943,1.137236,0.0,6,0,0,0,0,0,1,1,0,0,0
354024622,21.205975,21.292965,33.346554,33.02501,0.0,133.49887,0.8194884,1.1376514,0.0,6,0,0,0,0,0,1,1,0,0,0
354528509,21.370737,21.274857,32.972572,33.341354,0.0,138.21014,0.8156491,1.1384355,0.0,6,0,0,0,0,0,1,1,0,0,0
355033331,21.031519,21.264229,34.063347,33.24575,0.0,142.85489,0.8118346,1.1389943,0.0,6,0,0,0,0,0,1,1,0,0,0
355537330,21.167206,21.219622,33.68937,33.88064,0.0,147.67174,0.80794835,1.1410608,0.0,6,0,0,0,0,0,1,1,0,0,0
356041366,21.264126,21.207176,33.034904,33.826427,0.0,152.41063,0.8040438,1.1416261,0.0,6,0,0,0,0,0,1,1,0,0,0
356545486,21.312586,21.234144,32.053207,32.93677,0.0,156.92781,0.800224,1.1405729,0.0,6,0,0,0,0,0,1,1,0,0,0
357049240,21.457964,21.303087,29.076948,31.33552,0.0,161.18317,0.7965585,1.1377499,0.0,6,0,0,0,0,0,1,1,0,0,0
357553306,21.438581,21.369192,30.074228,30.226107,0.0,165.28299,0.79310465,1.1350069,0.0,6,0,0,0,0,0,1,1,0,0,0
358057302,21.176899,21.365408,32.20903,30.794392,0.0,169.62468,0.7896829,1.1351625,0.0,6,0,0,0,0,0,1,1,0,0,0
358550178,21.215666,21.366016,32.364857,30.891481,0.0,173.85406,0.78636205,1.1350979,0.0,6,0,0,0,0,0,1,1,0,0,0
359054096,20.944292,21.21424,35.746258,34.288925,0.0,178.94942,0.782694,1.1418555,0.0,6,0,0,0,0,0,1,1,0,0,0
359558238,20.88614,21.081608,37.32009,36.10102,0.0,184.17426,0.77873474,1.1475024,0.0,6,0,0,0,0,0,1,1,0,0,0
360062225,20.944292,21.003696,37.849895,36.596024,0.0,189.34311,0.7746091,1.1508871,0.0,6,0,0,0,0,0,1,1,0,0,0
360566290,20.527538,20.905691,39.86004,37.797638,0.0,194.73259,0.77030075,1.1551412,0.0,6,0,0,0,0,0,1,1,0,0,0
361070359,20.653534,20.777296,40.35868,39.64227,0.0,200.48352,0.76570064,1.1607964,0.0,6,0,0,0,0,0,1,1,0,0,0
361574115,21.031519,20.797594,35.216454,38.062664,0.0,205.70403,0.76111346,1.1598818,0.0,6,0,0,0,0,0,1,1,0,0,0
362079066,21.128439,20.868118,33.159565,36.089546,0.0,210.57741,0.756749,1.1569214,0.0,6,0,0,0,0,0,1,1,0,0,0
362583708,21.351353,21.001926,30.167723,33.28175,0.0,214.98874,0.7527108,1.1513002,0.0,6,0,0,0,0,0,1,1,0,0,0
363087554,21.554884,21.169472,28.609472,30.70155,0.0,219.02882,0.7490825,1.1442689,0.0,6,0,0,0,0,0,1,1,0,0,0
363591057,21.719646,21.301283,26.287682,28.841349,0.0,222.90256,0.7457683,1.1388234,0.0,6,0,0,0,0,0,1,1,0,0,0
364095223,21.419197,21.363398,28.671804,28.493404,0.0,226.84143,0.7426547,1.136421,0.0,6,0,0,0,0,0,1,1,0,0,0
364599024,21.167206,21.343342,32.193447,29.692236,0.0,231.07751,0.73954344,1.1374307,0.0,6,0,0,0,0,0,1,1,0,0,0
365091178,21.157515,21.3199,31.289663,30.26773,0.0,235.27406,0.73645127,1.1385386,0.0,6,0,0,0,0,0,1,1,0,0,0
365594908,21.361046,21.276909,31.009178,30.89266,0.0,239.6663,0.73322314,1.140532,0.0,6,0,0,0,0,0,1,1,0,0,0
366099352,21.370737,21.269863,32.38044,30.997465,0.0,244.01569,0.7299864,1.140788,0.0,6,0,0,0,0,0,1,1,0,0,0
367107707,21.496733,21.216536,28.173162,31.442255,0.0,253.06058,0.7232841,1.142967,0.0,6,0,0,0,0,0,1,1,0,0,0
367611709,21.477348,21.317844,27.768019,29.33702,0.0,256.95627,0.72020376,1.1387652,0.0,6,0,0,0,0,0,1,1,0,0,0
368115715,21.244741,21.352528,29.996317,28.84744,0.0,260.92838,0.7172495,1.13748,0.0,6,0,0,0,0,0,1,1,0,0,0
368619918,21.099363,21.296066,32.037624,30.202066,0.0,265.28772,0.71421623,1.1399484,0.0,6,0,0,0,0,0,1,1,0,0,0
369123732,21.215666,21.233585,30.82219,31.165972,0.0,269.77554,0.71104336,1.1426598,0.0,6,0,0,0,0,0,1,1,0,0,0
369627799,21.08967,21.209915,33.20631,31.48245,0.0,274.1963,0.70785546,1.1436664,0.0,6,0,0,0,0,0,1,1,0,0,0
370131732,21.031519,21.154306,32.925827,32.408924,0.0,278.8407,0.7045653,1.1459931,0.0,6,0,0,0,0,0,1,1,0,0,0
370636541,21.23505,21.146431,30.120975,31.96895,0.0,283.3013,0.7012709,1.1463665,0.0,6,0,0,0,0,0,1,1,0,0,0
371140948,20.857063,21.11224,34.219173,32.49328,0.0,287.86536,0.69797534,1.1478493,0.0,6,0,0,0,0,0,1,1,0,0,0
371644733,21.002443,21.071487,33.549126,33.157425,0.0,292.5828,0.6945878,1.149505,0.0,6,0,0,0,0,0,1,1,0,0,0
372148511,20.905523,21.050217,34.76456,33.403347,0.0,297.26648,0.6911963,1.1503549,0.0,6,0,0,0,0,0,1,1,0,0,0
372652553,21.070288,21.021706,32.053207,33.465046,0.0,301.985,0.68774754,1.1517336,0.0,6,0,0,0,0,0,1,1,0,0,0
373156504,21.215666,21.108265,28.999035,31.268398,0.0,306.1634,0.68448323,1.1481382,0.0,6,0,0,0,0,0,1,1,0,0,0
373660662,21.351353,21.144814,29.731413,30.953485,0.0,310.45572,0.6813423,1.1466514,0.0,6,0,0,0,0,0,1,1,0,0,0
374164540,21.341661,21.17976,28.718552,30.485655,0.0,314.676,0.678301,1.1451789,0.0,6,0,0,0,0,0,1,1,0,0,0
374656547,21.157515,21.233635,29.731413,29.573153,0.0,318.60065,0.67547977,1.1429669,0.0,6,0,0,0,0,0,1,1,0,0,0
375161497,21.021828,21.23565,32.224613,29.62556,0.0,322.74814,0.67262167,1.1430056,0.0,6,0,0,0,0,0,1,1,0,0,0
375665343,20.915216,21.120958,33.1284,32.169426,0.0,327.52005,0.66954476,1.1479439,0.0,6,0,0,0,0,0,1,1,0,0,0
376169391,20.401543,21.03545,33.68937,33.19734,0.0,332.2585,0.6663385,1.151697,0.0,6,0,0,0,0,0,1,1,0,0,0
376673529,20.74076,20.987246,34.156845,33.531246,0.0,336.97534,0.6630408,1.1538054,0.0,6,0,0,0,0,0,1,1,0,0,0
377177430,20.905523,20.962446,33.408882,33.400536,0.0,341.65106,0.65969133,1.1549051,0.0,6,0,0,0,0,0,1,1,0,0,0
377669313,20.83768,20.92021,35.652763,34.226143,0.0,346.38907,0.65637,1.1566623,0.0,6,0,0,0,0,0,1,1,0,0,0
378173460,20.818296,20.878046,34.655483,34.720554,0.0,351.31107,0.65289336,1.158446,0.0,6,0,0,0,0,0,1,1,0,0,0
378677319,21.060595,20.899437,32.910244,34.00546,0.0,356.0049,0.6494692,1.157434,0.0,6,0,0,0,0,0,1,1,0,0,0
379181295,21.099363,20.936016,32.25578,32.92227,0.0,360.50516,0.64617914,1.1559199,0.0,6,0,0,0,0,0,1,1,0,0,0
379674250,21.050903,20.958544,32.427185,32.56714,0.0,364.92255,0.6430386,1.1550916,0.0,6,0,0,0,0,0,1,1,0,0,0
380178522,21.012135,20.973513,30.915682,32.377357,0.0,369.43964,0.63986766,1.1545721,0.0,6,0,0,0,0,0,1,1,0,0,0
380682111,21.205975,21.041706,29.84049,31.019093,0.0,373.65454,0.6368484,1.1517555,0.0,6,0,0,0,0,0,1,1,0,0,0
381186100,21.264126,21.122438,27.752436,29.647165,0.0,377.68307,0.6340141,1.1482371,0.0,6,0,0,0,0,0,1,1,0,0,0
381678184,21.18659,21.153658,29.700249,29.616745,0.0,381.71976,0.63135624,1.1467806,0.0,6,0,0,0,0,0,1,1,0,0,0
382182147,21.128439,21.142239,28.593891,29.966545,0.0,385.9731,0.628639,1.1472552,0.0,6,0,0,0,0,0,1,1,0,0,0
382686158,21.419197,21.168344,28.796463,29.509464,0.0,390.0585,0.6259918,1.1462054,0.0,6,0,0,0,0,0,1,1,0,0,0
383191068,21.244741,21.239513,29.108112,28.270378,0.0,393.8903,0.6235025,1.1431078,0.0,6,0,0,0,0,0,1,1,0,0,0
383695031,21.225359,21.207146,28.765297,29.386372,0.0,398.13535,0.62096995,1.144537,0.0,6,0,0,0,0,0,1,1,0,0,0
384199383,20.992752,21.226114,29.232773,28.82989,0.0,402.12915,0.6184937,1.14397,0.0,6,0,0,0,0,0,1,1,0,0,0
384702994,20.866756,21.122154,33.56471,31.224514,0.0,406.70004,0.6158593,1.1486139,0.0,6,0,0,0,0,0,1,1,0,0,0
385207207,20.857063,21.041576,32.427185,32.337437,0.0,411.35538,0.6130538,1.1520361,0.0,6,0,0,0,0,0,1,1,0,0,0
385711043,20.769836,20.985483,34.343834,32.777622,0.0,415.96732,0.61017895,1.1545116,0.0,6,0,0,0,0,0,1,1,0,0,0
386214968,20.827988,20.927927,34.951553,33.608143,0.0,420.74646,0.60718316,1.1569229,0.0,6,0,0,0,0,0,1,1,0,0,0
386719164,20.58569,20.862577,36.18257,34.392525,0.0,425.62808,0.6041053,1.1596631,0.0,6,0,0,0,0,0,1,1,0,0,0
387726984,20.63415,20.738771,34.063347,35.486977,0.0,435.7924,0.5974906,1.1649104,0.0,6,0,0,0,0,0,1,1,0,0,0
388231059,20.566305,20.735123,35.12296,35.074272,0.0,440.6514,0.5942047,1.1651973,0.0,6,0,0,0,0,0,1,1,0,0,0
388723691,20.77953,20.731537,34.702232,34.92975,0.0,445.42218,0.591008,1.1654205,0.0,6,0,0,0,0,0,1,1,0,0,0
389227738,20.876448,20.726337,33.923107,34.927624,0.0,450.31458,0.5877448,1.1657192,0.0,6,0,0,0,0,0,1,1,0,0,0
389731749,20.876448,20.796846,33.08165,33.393467,0.0,454.83292,0.58464473,1.1625987,0.0,6,0,0,0,0,0,1,1,0,0,0
390235769,20.924908,20.821259,32.520683,33.02256,0.0,459.4264,0.5816418,1.1616216,0.0,6,0,0,0,0,0,1,1,0,0,0
390739846,20.760145,20.81153,33.159565,33.225124,0.0,464.09317,0.5786569,1.1622425,0.0,6,0,0,0,0,0,1,1,0,0,0
391243849,20.876448,20.847647,31.850632,32.57631,0.0,468.60233,0.57574075,1.1607336,0.0,6,0,0,0,0,0,1,1,0,0,0
391747758,20.895832,20.844198,32.910244,32.815536,0.0,473.20963,0.5728597,1.1610508,0.0,6,0,0,0,0,0,1,1,0,0,0
392251731,20.77953,20.85732,32.02204,32.401665,0.0,477.716,0.5700185,1.160625,0.0,6,0,0,0,0,0,1,1,0,0,0
392755720,20.721376,20.857174,35.309948,32.55898,0.0,482.27905,0.56720835,1.160668,0.0,6,0,0,0,0,0,1,1,0,0,0
393260687,20.798912,20.812147,32.271362,33.464733,0.0,487.13095,0.56428504,1.1626593,0.0,6,0,0,0,0,0,1,1,0,0,0
393764584,20.973368,20.82765,32.224613,32.885815,0.0,491.6696,0.5614557,1.1620816,0.0,6,0,0,0,0,0,1,1,0,0,0
394268550,20.663225,20.870213,32.614178,31.942108,0.0,496.02295,0.55874187,1.1603354,0.0,6,0,0,0,0,0,1,1,0,0,0
394772815,20.88614,20.863047,32.785583,32.297295,0.0,500.59027,0.5560241,1.1606096,0.0,6,0,0,0,0,0,1,1,0,0,0
395276531,21.031519,20.897018,29.762579,31.660837,0.0,504.97684,0.55338,1.1590675,0.0,6,0,0,0,0,0,1,1,0,0,0
395781006,21.380428,21.029291,25.337147,29.02842,0.0,508.82333,0.5509983,1.1532998,0.0,6,0,0,0,0,0,1,1,0,0,0
396284822,21.167206,21.092634,28.82763,28.399094,0.0,512.7085,0.548816,1.1505408,0.0,6,0,0,0,0,0,1,1,0,0,0
396776547,21.409506,21.201538,25.835789,26.684814,0.0,516.2061,0.5468734,1.1455913,0.0,6,0,0,0,0,0,1,1,0,0,0
397280828,20.760145,21.06091,33.81403,30.78238,0.0,520.8485,0.5447032,1.1516856,0.0,6,0,0,0,0,0,1,1,0,0,0
397785353,20.808605,21.007671,32.427185,31.522032,0.0,525.3513,0.54239994,1.1538001,0.0,6,0,0,0,0,0,1,1,0,0,0
398289327,20.750452,20.9446,32.972572,32.41415,0.0,529.9639,0.5400155,1.1565498,0.0,6,0,0,0,0,0,1,1,0,0,0
398793592,20.798912,20.9423,31.803886,31.997772,0.0,534.3937,0.5376335,1.1565914,0.0,6,0,0,0,0,0,1,1,0,0,0
399297343,20.876448,20.911201,34.063347,32.46342,0.0,538.95764,0.535224,1.1579468,0.0,6,0,0,0,0,0,1,1,0,0,0
399801548,20.953983,20.896381,31.64806,32.37773,0.0,543.508,0.5327753,1.158657,0.0,6,0,0,0,0,0,1,1,0,0,0
400305307,20.973368,20.88059,30.83777,32.223206,0.0,548.0168,0.53032726,1.1596583,0.0,6,0,0,0,0,0,1,1,0,0,0
400809277,20.818296,20.857866,33.829613,32.57994,0.0,552.5761,0.52787095,1.1607894,0.0,6,0,0,0,0,0,1,1,0,0,0
401313313,21.08967,20.87963,30.136557,31.805891,0.0,556.99036,0.5254262,1.1599547,0.0,6,0,0,0,0,0,1,1,0,0,0
401817308,20.866756,20.904575,32.75442,31.317108,0.0,561.2947,0.52308446,1.158931,0.0,6,0,0,0,0,0,1,1,0,0,0
402309457,20.64384,20.819113,35.12296,33.227444,0.0,566.02826,0.5206506,1.1627101,0.0,6,0,0,0,0,0,1,1,0,0,0
402814108,20.798912,20.788034,31.679226,33.509777,0.0,570.7875,0.51808685,1.1640599,0.0,6,0,0,0,0,0,1,1,0,0,0
403318187,20.818296,20.830036,31.180586,32.025265,0.0,575.11444,0.5156567,1.1622932,0.0,6,0,0,0,0,0,1,1,0,0,0
403822349,20.120476,20.851744,40.483337,31.541176,0.0,579.4474,0.51330775,1.1622859,0.0,6,0,0,0,0,0,1,1,0,0,0
404314125,21.651804,21.148514,20.50657,25.432053,0.0,582.4292,0.5114245,1.1502182,0.0,6,0,0,0,0,0,1,1,0,0,0
404818290,20.198011,21.006355,42.711636,30.611221,0.0,587.0467,0.5094171,1.1565176,0.0,6,0,0,0,0,0,1,1,0,0,0
405322385,20.0914,20.693258,40.888485,37.463303,0.0,593.0285,0.5067097,1.1694458,0.0,6,0,0,0,0,0,1,1,0,0,0
405826156,20.23678,20.543749,38.862762,38.91256,0.0,598.6539,0.50373876,1.1753732,0.0,6,0,0,0,0,0,1,1,0,0,0
406330100,20.275547,20.46804,39.17441,39.01219,0.0,604.1298,0.50065666,1.178405,0.0,6,0,0,0,0,0,1,1,0,0,0
406834153,20.294931,20.379047,39.73538,39.955948,0.0,609.80664,0.49743012,1.1822875,0.0,6,0,0,0,0,0,1,1,0,0,0
407326898,20.256165,20.387627,37.88106,38.773968,0.0,614.9935,0.4943078,1.1816633,0.0,6,0,0,0,0,0,1,1,0,0,0
407831218,20.450003,20.36674,37.99014,38.698456,0.0,620.41705,0.4911059,1.1825154,0.0,6,0,0,0,0,0,1,1,0,0,0
408334915,20.517847,20.403633,35.87092,37.65006,0.0,625.585,0.48800614,1.1806195,0.0,6,0,0,0,0,0,1,1,0,0,0
408838937,20.818296,20.473385,33.221893,36.016285,0.0,630.4857,0.48509422,1.1773947,0.0,6,0,0,0,0,0,1,1,0,0,0
409343359,21.613035,20.6832,25.04108,31.805294,0.0,634.5468,0.48261738,1.1683456,0.0,6,0,0,0,0,0,1,1,0,0,0
409846877,20.566305,20.833185,33.221893,29.507711,0.0,638.3874,0.4805149,1.1626711,0.0,6,0,0,0,0,0,1,1,0,0,0
410351241,19.936329,20.65971,41.60528,34.675014,0.0,643.6964,0.47811013,1.1703823,0.0,6,0,0,0,0,0,1,1,0,0,0
410854936,20.052633,20.461897,43.05445,38.854427,0.0,649.5496,0.47527748,1.1790837,0.0,6,0,0,0,0,0,1,1,0,0,0
411358901,20.23678,20.363348,37.584995,39.5704,0.0,655.213,0.47221506,1.1833868,0.0,6,0,0,0,0,0,1,1,0,0,0
411863798,20.605074,20.423763,35.29437,37.23404,0.0,660.20807,0.4693134,1.1803203,0.0,6,0,0,0,0,0,1,1,0,0,0
412355773,20.58569,20.434462,37.008442,36.85488,0.0,665.1894,0.46657324,1.17966,0.0,6,0,0,0,0,0,1,1,0,0,0
412859788,20.63415,20.463463,35.091793,36.11749,0.0,670.1997,0.46382603,1.1781352,0.0,6,0,0,0,0,0,1,1,0,0,0
413375986,20.372467,20.491695,35.37228,35.482903,0.0,675.2063,0.46114224,1.1768485,0.0,6,0,0,0,0,0,1,1,0,0,0
413867749,20.566305,20.47773,36.307228,35.959618,0.0,680.17395,0.4585708,1.1774865,0.0,6,0,0,0,0,0,1,1,0,0,0
414371879,20.672916,20.52879,34.25034,35.00584,0.0,684.9937,0.45604816,1.175048,0.0,6,0,0,0,0,0,1,1,0,0,0
414875811,20.605074,20.57162,33.76728,34.119717,0.0,689.6725,0.45367083,1.1731082,0.0,6,0,0,0,0,0,1,1,0,0,0
415379733,20.857063,20.578466,34.468494,34.29546,0.0,694.4929,0.45132247,1.1727753,0.0,6,0,0,0,0,0,1,1,0,0,0
415883721,20.798912,20.619614,32.473934,33.47473,0.0,699.1053,0.44907266,1.1709303,0.0,6,0,0,0,0,0,1,1,0,0,0
416388794,20.469387,20.620821,34.094513,33.718555,0.0,703.84796,0.44687173,1.1709036,0.0,6,0,0,0,0,0,1,1,0,0,0
416892602,20.653534,20.610943,35.029465,34.20771,0.0,708.6909,0.4446473,1.171244,0.0,6,0,0,0,0,0,1,1,0,0,0
417396935,20.353083,20.557446,36.75912,35.32174,0.0,713.73474,0.44235796,1.1737235,0.0,6,0,0,0,0,0,1,1,0,0,0
417900524,20.353083,20.497974,36.68121,36.280087,0.0,718.9105,0.43996415,1.1764207,0.0,6,0,0,0,0,0,1,1,0,0,0
418392800,20.566305,20.50213,35.855335,35.80869,0.0,723.7675,0.43763506,1.176181,0.0,6,0,0,0,0,0,1,1,0,0,0
418896514,20.324007,20.468185,36.88378,36.28633,0.0,728.87787,0.43523398,1.1777974,0.0,6,0,0,0,0,0,1,1,0,0,0
419400540,20.672916,20.474386,35.356697,35.897476,0.0,733.88336,0.43283316,1.1774035,0.0,6,0,0,0,0,0,1,1,0,0,0
419904544,20.469387,20.4606,36.400723,36.117405,0.0,738.95013,0.43045494,1.1780837,0.0,6,0,0,0,0,0,1,1,0,0,0
420409593,20.508154,20.448236,36.338394,36.379044,0.0,744.074,0.42805895,1.1786078,0.0,6,0,0,0,0,0,1,1,0,0,0
420913359,20.575998,20.457775,34.967133,35.86977,0.0,749.04553,0.42570448,1.1781619,0.0,6,0,0,0,0,0,1,1,0,0,0
421417375,20.566305,20.49932,33.627037,34.90638,0.0,753.8465,0.42345545,1.1762624,0.0,6,0,0,0,0,0,1,1,0,0,0
421921396,20.721376,20.503075,32.286945,34.960094,0.0,758.7617,0.42122933,1.1762311,0.0,6,0,0,0,0,0,1,1,0,0,0
422425359,20.857063,20.609352,31.32083,32.541874,0.0,763.06805,0.41924107,1.1716635,0.0,6,0,0,0,0,0,1,1,0,0,0
422929609,20.73107,20.645267,33.1284,32.4143,0.0,767.5739,0.41734144,1.1703074,0.0,6,0,0,0,0,0,1,1,0,0,0
423433581,20.701994,20.637829,33.50238,33.02567,0.0,772.2523,0.41542876,1.1708779,0.0,6,0,0,0,0,0,1,1,0,0,0
423937360,20.498463,20.60062,35.76184,33.846035,0.0,777.04095,0.41347566,1.172851,0.0,6,0,0,0,0,0,1,1,0,0,0
424441328,20.382158,20.523497,37.475918,35.445534,0.0,782.1437,0.41137952,1.1763546,0.0,6,0,0,0,0,0,1,1,0,0,0
424945384,20.469387,20.512802,34.87364,35.223083,0.0,787.07715,0.40925163,1.176666,0.0,6,0,0,0,0,0,1,1,0,0,0
425449595,20.556614,20.515207,34.748978,34.79778,0.0,791.9071,0.40716586,1.1764563,0.0,6,0,0,0,0,0,1,1,0,0,0
425942133,20.343391,20.477427,35.045044,35.220963,0.0,796.7652,0.40510252,1.1781794,0.0,6,0,0,0,0,0,1,1,0,0,0
426446121,20.6923,20.519266,33.533546,34.276882,0.0,801.4827,0.4030596,1.1760736,0.0,6,0,0,0,0,0,1,1,0,0,0
426950132,20.760145,20.531675,31.64806,34.19928,0.0,806.2881,0.40104887,1.1755081,0.0,6,0,0,0,0,0,1,1,0,0,0
427454142,20.915216,20.645866,29.108112,31.450468,0.0,810.4355,0.3992927,1.1706214,0.0,6,0,0,0,0,0,1,1,0,0,1
427958155,20.73107,20.735401,30.074228,30.196373,0.0,814.51794,0.39772803,1.1669172,0.0,6,0,0,0,0,0,1,1,0,0,1
428462097,20.827988,20.75077,30.479372,30.546825,0.0,818.8326,0.39619517,1.1663413,0.0,6,0,0,0,0,0,1,1,0,0,1
428966110,20.517847,20.704475,35.27878,32.073166,0.0,823.4384,0.39460576,1.1684155,0.0,6,0,0,0,0,0,1,1,0,0,1
429470346,20.362776,20.584047,36.089073,34.485874,0.0,828.505,0.39279523,1.1737359,0.0,6,0,0,0,0,0,1,1,0,0,1
429974233,20.48877,20.51496,36.61888,35.308865,0.0,833.537,0.39085743,1.1767375,0.0,6,0,0,0,0,0,1,1,0,0,1
430479117,20.750452,20.512857,32.302525,35.018215,0.0,838.4582,0.38889462,1.1766882,0.0,6,0,0,0,0,0,1,1,0,0,1
430982912,20.701994,20.57981,32.364857,33.08613,0.0,842.87775,0.3871238,1.1737758,0.0,6,0,0,0,0,0,1,1,0,0,1
431486957,20.58569,20.574825,35.154125,33.709534,0.0,847.64374,0.38535812,1.1738192,0.0,6,0,0,0,0,0,1,1,0,0,1
431991138,20.314316,20.514181,37.662907,35.09289,0.0,852.6795,0.3835079,1.1764902,0.0,6,0,0,0,0,0,1,1,0,0,1
432494906,20.53723,20.492079,34.0166,35.098293,0.0,857.6391,0.38159937,1.1774416,0.0,6,0,0,0,0,0,1,1,0,0,1
432998977,20.324007,20.503462,35.93325,34.87542,0.0,862.48816,0.37975007,1.1768955,0.0,6,0,0,0,0,0,1,1,0,0,1
433502925,20.362776,20.459091,35.902084,35.73072,0.0,867.574,0.37783387,1.178918,0.0,6,0,0,0,0,0,1,1,0,0,1
434006935,20.798912,20.488241,33.72053,34.82974,0.0,872.3811,0.37596902,1.1775744,0.0,6,0,0,0,0,0,1,1,0,0,1
434511208,20.924908,20.576159,30.370295,33.001694,0.0,876.82623,0.37428758,1.1738069,0.0,6,0,0,0,0,0,1,1,0,0,1
435003716,21.167206,20.739246,24.152878,29.530582,0.0,880.5538,0.37294737,1.166717,0.0,6,0,0,0,0,0,1,1,0,0,1
435507736,20.895832,20.86732,29.560007,27.594622,0.0,884.1581,0.37187666,1.1613497,0.0,6,0,0,0,0,0,1,1,0,0,1
436011891,20.83768,20.836416,31.14942,29.642342,0.0,888.5205,0.37070042,1.1625383,0.0,6,0,0,0,0,0,1,1,0,0,1
436515659,20.750452,20.7932,30.604033,30.821316,0.0,892.95197,0.36947444,1.164352,0.0,6,0,0,0,0,0,1,1,0,0,1
437019676,20.895832,20.79608,30.931267,30.643595,0.0,897.2223,0.36826983,1.1642083,0.0,6,0,0,0,0,0,1,1,0,0,1
437523693,20.672916,20.77929,31.741556,30.92655,0.0,901.56024,0.3670564,1.1649998,0.0,6,0,0,0,0,0,1,1,0,0,1
438027734,20.74076,20.751133,32.286945,31.43079,0.0,906.0177,0.36578405,1.1661752,0.0,6,0,0,0,0,0,1,1,0,0,1
438531856,20.711685,20.766289,31.429907,31.181406,0.0,910.3618,0.3645523,1.1653703,0.0,6,0,0,0,0,0,1,1,0,0,1
439035738,20.905523,20.784885,29.263939,30.54327,0.0,914.58954,0.3633627,1.1646311,0.0,6,0,0,0,0,0,1,1,0,0,1
439540522,20.653534,20.760067,33.969852,31.52109,0.0,919.0543,0.3621649,1.165602,0.0,6,0,0,0,0,0,1,1,0,0,1
440044665,20.575998,20.710646,32.660923,32.50954,0.0,923.7334,0.36084884,1.1676294,0.0,6,0,0,0,0,0,1,1,0,0,1
440548770,20.382158,20.694351,32.08437,32.30277,0.0,928.2409,0.3595558,1.1683679,0.0,6,0,0,0,0,0,1,1,0,0,1
441052554,20.508154,20.62327,36.650043,33.814705,0.0,933.1122,0.35813728,1.1715379,0.0,6,0,0,0,0,0,1,1,0,0,1
441556500,20.672916,20.580088,34.546406,34.59742,0.0,938.0587,0.35662,1.1733695,0.0,6,0,0,0,0,0,1,1,0,0,1
442060488,20.459694,20.548544,34.156845,34.575954,0.0,942.88495,0.35509652,1.17489,0.0,6,0,0,0,0,0,1,1,0,0,1
442564514,20.566305,20.548103,33.408882,34.239788,0.0,947.65234,0.35356978,1.1749319,0.0,6,0,0,0,0,0,1,1,0,0,1
443068657,20.663225,20.55793,31.710392,33.592598,0.0,952.301,0.35207587,1.1745778,0.0,6,0,0,0,0,0,1,1,0,0,1
443561298,20.760145,20.631784,31.414324,31.824135,0.0,956.472,0.35077402,1.1713723,0.0,6,0,0,0,0,0,1,1,0,0,1
444065284,20.818296,20.63727,31.64806,32.24427,0.0,961.022,0.3494477,1.171264,0.0,6,0,0,0,0,0,1,1,0,0,1
444569615,20.866756,20.721285,29.217192,30.388058,0.0,965.09393,0.34828976,1.1675761,0.0,6,0,0,0,0,0,1,1,0,0,1
445073744,20.64384,20.722666,33.06607,30.876902,0.0,969.4428,0.34715667,1.1676949,0.0,6,0,0,0,0,0,1,1,0,0,1
445577567,20.546923,20.663145,33.627037,32.52967,0.0,974.1583,0.34589893,1.1704205,0.0,6,0,0,0,0,0,1,1,0,0,1
446081345,20.391851,20.595758,35.528103,33.709076,0.0,978.9804,0.34454173,1.1735045,0.0,6,0,0,0,0,0,1,1,0,0,1
446585365,20.614765,20.584934,32.037624,33.377678,0.0,983.6633,0.34314072,1.1739788,0.0,6,0,0,0,0,0,1,1,0,0,1
447089596,20.750452,20.631104,30.57287,32.118774,0.0,988.0356,0.3418521,1.1722426,0.0,6,0,0,0,0,0,1,1,0,0,1
447593582,20.653534,20.63828,33.37772,31.917065,0.0,992.45276,0.34060863,1.172422,0.0,6,0,0,0,0,0,1,1,0,0,1
448098335,20.566305,20.622887,33.29981,32.710114,0.0,997.12854,0.33929965,1.173203,0.0,6,0,0,0,0,0,1,1,0,0,1
448590290,20.450003,20.583637,35.49694,33.16961,0.0,1001.68164,0.33798864,1.1752685,0.0,6,0,0,0,0,0,1,1,0,0,1
449094249,20.440311,20.530731,35.154125,34.262814,0.0,1006.5935,0.33653742,1.1776055,0.0,6,0,0,0,0,0,1,1,0,0,1
449598202,20.48877,20.511082,33.985435,34.233917,0.0,1011.3995,0.3350544,1.1784116,0.0,6,0,0,0,0,0,1,1,0,0,1
450102135,20.517847,20.574661,30.479372,32.38484,0.0,1015.7575,0.33370838,1.1758262,0.0,6,0,0,0,0,0,1,1,0,0,1
450606190,20.508154,20.59907,33.845196,32.34113,0.0,1020.2531,0.33242336,1.1745636,0.0,6,0,0,0,0,0,1,1,0,0,1
451098145,20.081709,20.49934,37.16427,34.74387,0.0,1025.2079,0.33102393,1.1788751,0.0,6,0,0,0,0,0,1,1,0,0,1
451602110,20.750452,20.47953,30.650782,34.64024,0.0,1030.1312,0.32950747,1.179349,0.0,6,0,0,0,0,0,1,1,0,0,1
452106921,20.411234,20.533327,33.44005,32.77088,0.0,1034.4923,0.32820606,1.176957,0.0,6,0,0,0,0,0,1,1,0,0,1
452598919,20.498463,20.528282,31.897383,32.831917,0.0,1039.0095,0.32689884,1.1771095,0.0,6,0,0,0,0,0,1,1,0,0,1
453102973,20.876448,20.59979,28.702969,31.009985,0.0,1043.1903,0.32571137,1.1738092,0.0,6,0,0,0,0,0,1,1,0,0,1
453607035,20.59538,20.591303,31.102673,32.216423,0.0,1047.776,0.32451624,1.1751058,0.0,6,0,0,0,0,0,1,1,0,0,1
454111141,19.771566,20.374102,45.31391,37.460953,0.0,1053.4283,0.32296777,1.1846349,0.0,6,0,0,0,0,0,1,1,0,0,1
454614965,19.829718,20.129112,44.254307,41.923626,0.0,1059.798,0.32086658,1.1952903,0.0,6,0,0,0,0,0,1,1,0,0,1
455118988,20.023558,20.08678,38.67577,41.06194,0.0,1065.5066,0.31869608,1.1969295,0.0,6,0,0,0,0,0,1,1,0,0,1
455623009,20.227087,20.11624,36.44747,39.323833,0.0,1070.8529,0.31662762,1.1955178,0.0,6,0,0,0,0,0,1,1,0,0,1
456127133,20.353083,20.154442,37.086353,38.25172,0.0,1076.0938,0.3146759,1.1937029,0.0,6,0,0,0,0,0,1,1,0,0,1
456631995,20.77953,20.262917,29.46651,35.846844,0.0,1080.9453,0.3129149,1.1885775,0.0,6,0,0,0,0,0,1,1,0,0,1
457135733,21.031519,20.53244,23.887976,30.090574,0.0,1084.6019,0.31172952,1.1766613,0.0,6,0,0,0,0,0,1,1,0,0,1
457639701,20.48877,20.65398,40.265186,29.245508,0.0,1088.4563,0.31084538,1.1723891,0.0,6,0,0,0,0,0,1,1,0,0,1
458143674,19.68434,20.52697,42.072754,33.39436,0.0,1093.4733,0.30967078,1.1789489,0.0,6,0,0,0,0,0,1,1,0,0,1
458648123,20.04294,20.355742,38.208294,37.214188,0.0,1099.1287,0.3080973,1.1860653,0.0,6,0,0,0,0,0,1,1,0,0,1
459151895,20.246471,20.282232,38.06805,37.965187,0.0,1104.5331,0.30643952,1.1889688,0.0,6,0,0,0,0,0,1,1,0,0,1
459655691,20.28524,20.277199,35.777424,37.042217,0.0,1109.6399,0.30479854,1.1889963,0.0,6,0,0,0,0,0,1,1,0,0,1
460148800,20.324007,20.295101,35.232037,36.220875,0.0,1114.5184,0.3032578,1.1880572,0.0,6,0,0,0,0,0,1,1,0,0,1
460652679,20.469387,20.316671,35.403446,35.77666,0.0,1119.4797,0.30173776,1.1869638,0.0,6,0,0,0,0,0,1,1,0,0,1
461156540,20.391851,20.341103,35.029465,35.102253,0.0,1124.3235,0.30028898,1.1859013,0.0,6,0,0,0,0,0,1,1,0,0,1
461660558,20.256165,20.348772,34.45291,34.93486,0.0,1129.1962,0.29887328,1.1856157,0.0,6,0,0,0,0,0,1,1,0,0,1
462164592,20.265856,20.337639,36.400723,35.406136,0.0,1134.198,0.29744813,1.1860417,0.0,6,0,0,0,0,0,1,1,0,0,1
462668712,20.052633,20.297657,39.828873,36.411076,0.0,1139.3685,0.29597312,1.1877575,0.0,6,0,0,0,0,0,1,1,0,0,1
463172710,20.023558,20.200375,38.582275,38.281555,0.0,1144.9287,0.29431328,1.1921889,0.0,6,0,0,0,0,0,1,1,0,0,1
463676755,20.411234,20.236866,33.658203,36.762,0.0,1149.9667,0.29271698,1.1904601,0.0,6,0,0,0,0,0,1,1,0,0,1
464181486,20.28524,20.289717,34.842472,35.391712,0.0,1154.768,0.29127827,1.1882212,0.0,6,0,0,0,0,0,1,1,0,0,1
464673491,20.420927,20.295887,33.907524,35.357018,0.0,1159.6132,0.2898737,1.1881441,0.0,6,0,0,0,0,0,1,1,0,0,1
465177330,20.818296,20.398352,30.510538,33.29825,0.0,1164.105,0.28861687,1.1835883,0.0,6,0,0,0,0,0,1,1,0,0,1
465681316,20.217396,20.439768,34.32825,32.942043,0.0,1168.6265,0.28750333,1.182047,0.0,6,0,0,0,0,0,1,1,0,0,1
466185262,20.353083,20.41165,33.471214,33.921528,0.0,1173.4805,0.2863037,1.183553,0.0,6,0,0,0,0,0,1,1,0,0,1
466689445,20.711685,20.48375,31.351994,32.44192,0.0,1177.9099,0.2852172,1.1806056,0.0,6,0,0,0,0,0,1,1,0,0,1
467193311,20.517847,20.4984,33.782864,32.66248,0.0,1182.4829,0.28418353,1.1801935,0.0,6,0,0,0,0,0,1,1,0,0,1
467697288,20.546923,20.45899,32.318108,33.63903,0.0,1187.3021,0.28307885,1.1819447,0.0,6,0,0,0,0,0,1,1,0,0,1
468190410,20.624458,20.538889,30.043064,31.563522,0.0,1191.435,0.28215113,1.1782916,0.0,6,0,0,0,0,0,1,1,0,0,1
468694155,20.517847,20.583101,30.666363,31.060902,0.0,1195.7224,0.28129473,1.1763016,0.0,6,0,0,0,0,0,1,1,0,0,1
469198317,20.614765,20.597042,32.302525,31.20794,0.0,1200.1162,0.28046948,1.1754391,0.0,6,0,0,0,0,0,1,1,0,0,1
469690298,20.575998,20.559332,33.424465,32.19169,0.0,1204.6284,0.27961448,1.1769395,0.0,6,0,0,0,0,0,1,1,0,0,1
470194303,20.430618,20.493118,33.143982,33.441162,0.0,1209.4371,0.2786373,1.1799618,0.0,6,0,0,0,0,0,1,1,0,0,1
470698171,20.74076,20.50138,31.585732,32.895084,0.0,1214.0055,0.27767003,1.1796423,0.0,6,0,0,0,0,0,1,1,0,0,1
471202135,20.663225,20.524326,32.25578,32.46823,0.0,1218.5055,0.2767557,1.178685,0.0,6,0,0,0,0,0,1,1,0,0,1
471694937,20.711685,20.57231,29.528841,31.509857,0.0,1222.7406,0.2759432,1.1764611,0.0,6,0,0,0,0,0,1,1,0,0,1
472199061,20.430618,20.5633,32.473934,31.646877,0.0,1227.1509,0.27514523,1.1769912,0.0,6,0,0,0,0,0,1,1,0,0,1
472702928,20.63415,20.560032,29.295103,31.399202,0.0,1231.5656,0.2743138,1.1771435,0.0,6,0,0,0,0,0,1,1,0,0,1
473207095,20.566305,20.583578,31.383158,30.538881,0.0,1235.7377,0.27357745,1.1762094,0.0,6,0,0,0,0,0,1,1,0,0,1
473699024,20.575998,20.571182,30.931267,31.128782,0.0,1240.064,0.272811,1.1766559,0.0,6,0,0,0,0,0,1,1,0,0,1
474203026,20.64384,20.580614,28.141998,30.679842,0.0,1244.343,0.2720511,1.1763613,0.0,6,0,0,0,0,0,1,1,0,0,1
474706973,20.508154,20.632175,30.775442,29.562557,0.0,1248.3291,0.27142403,1.1742283,0.0,6,0,0,0,0,0,1,1,0,0,1
475199177,20.624458,20.63202,30.323547,29.964254,0.0,1252.4858,0.27077353,1.1742004,0.0,6,0,0,0,0,0,1,1,0,0,1
475702920,20.459694,20.569576,33.533546,31.518778,0.0,1257.0416,0.27002305,1.1769373,0.0,6,0,0,0,0,0,1,1,0,0,1
476207782,20.672916,20.555677,30.479372,31.474987,0.0,1261.49,0.26923618,1.1772927,0.0,6,0,0,0,0,0,1,1,0,0,1
476699811,20.83768,20.622961,27.830347,29.933453,0.0,1265.4491,0.2685962,1.1741377,0.0,6,0,0,0,0,0,1,1,0,0,1
477203725,20.74076,20.62628,30.759857,30.061024,0.0,1269.6448,0.2679848,1.1740664,0.0,6,0,0,0,0,0,1,1,0,0,1
477707979,20.527538,20.601513,32.193447,30.696316,0.0,1273.9956,0.26732635,1.1753403,0.0,6,0,0,0,0,0,1,1,0,0,1
478212028,20.605074,20.593819,30.604033,30.926409,0.0,1278.353,0.2666418,1.1757317,0.0,6,0,0,0,0,0,1,1,0,0,1
478715708,20.556614,20.586418,31.725973,31.100698,0.0,1282.7081,0.26596266,1.1760626,0.0,6,0,0,0,0,0,1,1,0,0,1
479219733,20.401543,20.571037,31.39874,31.064415,0.0,1287.0568,0.26526216,1.1769062,0.0,6,0,0,0,0,0,1,1,0,0,1
479723774,20.450003,20.534363,31.881798,31.682621,0.0,1291.5564,0.26450086,1.1786475,0.0,6,0,0,0,0,0,1,1,0,0,1
480228702,20.53723,20.538294,29.34185,31.375154,0.0,1295.9443,0.26373717,1.1784312,0.0,6,0,0,0,0,0,1,1,0,0,1
480720483,20.546923,20.549078,31.305244,30.968182,0.0,1300.1117,0.26305023,1.1779872,0.0,6,0,0,0,0,0,1,1,0,0,1
481224500,20.624458,20.52939,31.928545,31.762909,0.0,1304.6458,0.26228076,1.1787772,0.0,6,0,0,0,0,0,1,1,0,0,1
481728564,20.411234,20.515589,32.318108,31.919817,0.0,1309.1293,0.26151207,1.1794348,0.0,6,0,0,0,0,0,1,1,0,0,1
482232536,20.3337,20.495472,33.159565,32.184742,0.0,1313.6554,0.2607158,1.180317,0.0,6,0,0,0,0,0,1,1,0,0,1
482736500,20.198011,20.437037,35.01388,33.381645,0.0,1318.4291,0.2598271,1.1829149,0.0,6,0,0,0,0,0,1,1,0,0,1
483228719,20.527538,20.399748,32.629757,33.811115,0.0,1323.1232,0.2588781,1.1845559,0.0,6,0,0,0,0,0,1,1,0,0,1
483732576,20.760145,20.485891,28.375734,31.2937,0.0,1327.2782,0.2580834,1.1807691,0.0,6,0,0,0,0,0,1,1,0,0,1
484237296,20.64384,20.547228,29.933985,30.480902,0.0,1331.4484,0.25740933,1.178045,0.0,6,0,0,0,0,0,1,1,0,0,1
484729485,20.508154,20.567005,30.806606,30.244484,0.0,1335.5441,0.25680885,1.1770774,0.0,6,0,0,0,0,0,1,1,0,0,1
485233941,21.23505,20.713898,21.472687,26.985693,0.0,1339.0792,0.25640514,1.1707524,0.0,6,0,0,0,0,0,1,1,0,0,1
485737325,20.915216,20.837782,24.822926,25.205532,0.0,1342.3809,0.2562522,1.1656764,0.0,6,0,0,0,0,0,1,1,0,0,1
486241339,20.53723,20.827984,30.962431,26.652256,0.0,1346.1984,0.2560654,1.1663067,0.0,6,0,0,0,0,0,1,1,0,0,1
486745486,20.469387,20.701656,31.850632,29.99212,0.0,1350.7555,0.25562897,1.171684,0.0,6,0,0,0,0,0,1,1,0,0,1
487249570,20.508154,20.632267,32.44277,30.991627,0.0,1355.1881,0.25511134,1.1746087,0.0,6,0,0,0,0,0,1,1,0,0,1
487753332,20.324007,20.555416,33.58029,32.384823,0.0,1359.8624,0.25444826,1.1778544,0.0,6,0,0,0,0,0,1,1,0,0,1
488246175,20.256165,20.480415,35.606018,33.498863,0.0,1364.5416,0.25370172,1.1810652,0.0,6,0,0,0,0,0,1,1,0,0,1
488750388,20.227087,20.375237,35.029465,34.766655,0.0,1369.5464,0.2527652,1.1857895,0.0,6,0,0,0,0,0,1,1,0,0,1
489254079,20.13986,20.350695,34.32825,34.603306,0.0,1374.3789,0.25178877,1.186675,0.0,6,0,0,0,0,0,1,1,0,0,1
489758103,20.362776,20.341543,33.097233,34.263206,0.0,1379.1487,0.25081033,1.186921,0.0,6,0,0,0,0,0,1,1,0,0,1
490262116,20.430618,20.378399,32.785583,33.12751,0.0,1383.6742,0.2499208,1.1852448,0.0,6,0,0,0,0,0,1,1,0,0,1
490766134,20.566305,20.407053,30.791023,32.460712,0.0,1388.1672,0.24908467,1.183979,0.0,6,0,0,0,0,0,1,1,0,0,1
491270371,20.760145,20.47915,28.110832,30.909637,0.0,1392.3696,0.24837844,1.180761,0.0,6,0,0,0,0,0,1,1,0,0,1
491775180,20.63415,20.574697,28.578308,29.215734,0.0,1396.2693,0.24787231,1.1766703,0.0,6,0,0,0,0,0,1,1,0,0,1
492278977,20.857063,20.613457,28.702969,29.059328,0.0,1400.316,0.24741334,1.1751052,0.0,6,0,0,0,0,0,1,1,0,0,1
492782943,20.517847,20.622772,31.32083,29.431137,0.0,1404.4462,0.24698344,1.1747746,0.0,6,0,0,0,0,0,1,1,0,0,1
493286986,20.450003,20.576841,32.224613,30.855303,0.0,1408.8943,0.24646011,1.1767198,0.0,6,0,0,0,0,0,1,1,0,0,1
493791164,20.847372,20.616222,26.801903,29.81943,0.0,1413.0192,0.24598978,1.1747429,0.0,6,0,0,0,0,0,1,1,0,0,1
494295009,20.983059,20.734716,23.997053,27.125422,0.0,1416.5522,0.24575695,1.1696019,0.0,6,0,0,0,0,0,1,1,0,0,1
494798943,21.18659,20.826647,23.077684,25.63882,0.0,1419.9943,0.24567056,1.165723,0.0,6,0,0,0,0,0,1,1,0,0,1
495291939,21.012135,20.880558,25.60205,25.308151,0.0,1423.3999,0.24566221,1.1634886,0.0,6,0,0,0,0,0,1,1,0,0,1
495795973,20.818296,20.863863,27.596611,26.361609,0.0,1427.1631,0.24562673,1.1641166,0.0,6,0,0,0,0,0,1,1,0,0,1
496299693,20.546923,20.783012,30.931267,28.484617,0.0,1431.3474,0.24544927,1.1673881,0.0,6,0,0,0,0,0,1,1,0,0,1
496803646,20.120476,20.63369,37.14868,31.710735,0.0,1436.0352,0.24506427,1.173669,0.0,6,0,0,0,0,0,1,1,0,0,1
497307802,19.946022,20.455786,37.273346,34.75992,0.0,1441.2286,0.24435532,1.1812835,0.0,6,0,0,0,0,0,1,1,0,0,1
497812002,20.18832,20.322834,37.024025,36.45687,0.0,1446.5148,0.24342604,1.1871228,0.0,6,0,0,0,0,0,1,1,0,0,1
498315696,20.314316,20.272238,35.80859,36.29952,0.0,1451.588,0.2424184,1.1893928,0.0,6,0,0,0,0,0,1,1,0,0,1
498808919,20.343391,20.288935,32.598595,34.86181,0.0,1456.241,0.2414753,1.1888214,0.0,6,0,0,0,0,0,1,1,0,0,1
499312875,20.59538,20.356274,29.139278,32.985207,0.0,1460.6919,0.24063367,1.1858437,0.0,6,0,0,0,0,0,1,1,0,0,1
499816587,20.653534,20.475142,29.731413,30.461582,0.0,1464.6942,0.24002959,1.180813,0.0,6,0,0,0,0,0,1,1,0,0,1
500320556,20.556614,20.497974,29.248356,30.616697,0.0,1469.0017,0.23945792,1.1800642,0.0,6,0,0,0,0,0,1,1,0,0,1
500824570,20.479078,20.53522,30.82219,30.188055,0.0,1473.1556,0.23896717,1.1784878,0.0,6,0,0,0,0,0,1,1,0,0,1
501328709,20.479078,20.531649,31.133839,30.479706,0.0,1477.4601,0.23845723,1.1786758,0.0,6,0,0,0,0,0,1,1,0,0,1
501832701,20.479078,20.505224,30.962431,31.423037,0.0,1481.9658,0.23788725,1.1798607,0.0,6,0,0,0,0,0,1,1,0,0,1
502337326,20.440311,20.490255,32.037624,31.56078,0.0,1486.3951,0.2373212,1.180507,0.0,6,0,0,0,0,0,1,1,0,0,1
502841451,20.508154,20.436121,34.32825,32.834988,0.0,1491.0886,0.23666614,1.1829778,0.0,6,0,0,0,0,0,1,1,0,0,1
503345554,20.294931,20.429325,33.549126,32.499424,0.0,1495.617,0.2359962,1.1832727,0.0,6,0,0,0,0,0,1,1,0,0,1
503849581,20.362776,20.39684,33.37772,32.945377,0.0,1500.2765,0.23527738,1.1848305,0.0,6,0,0,0,0,0,1,1,0,0,1
504353365,20.721376,20.360157,28.796463,34.083065,0.0,1505.1664,0.23445302,1.1870534,0.0,6,0,0,0,0,0,1,1,0,0,1
506370277,20.614765,20.155554,29.513258,37.000984,0.0,1525.671,0.23055579,1.1951288,0.0,6,0,0,0,0,0,1,1,0,0,1
506874866,20.527538,20.298584,31.77272,33.65553,0.0,1530.0027,0.2297356,1.1886253,0.0,6,0,0,0,0,0,1,1,0,0,1
507378176,20.857063,20.419304,29.076948,31.610485,0.0,1534.2474,0.22909547,1.1831374,0.0,6,0,0,0,0,0,1,1,0,0,1
507870263,20.440311,20.486229,30.604033,30.806946,0.0,1538.3501,0.22862321,1.1805001,0.0,6,0,0,0,0,0,1,1,0,0,1
508374331,20.362776,20.475586,33.44005,31.939003,0.0,1542.93,0.22809443,1.1813812,0.0,6,0,0,0,0,0,1,1,0,0,1
508878190,20.168936,20.41617,36.977276,33.522568,0.0,1547.7911,0.2274398,1.184475,0.0,6,0,0,0,0,0,1,1,0,0,1
509383047,19.383888,20.149353,46.841,39.79029,0.0,1553.907,0.22634895,1.1965271,0.0,6,0,0,0,0,0,1,1,0,0,1
509886980,19.781258,19.937296,43.163532,43.02095,0.0,1560.3071,0.22479671,1.2058349,0.0,6,0,0,0,0,0,1,1,0,0,1
510379169,20.052633,19.924377,39.7198,41.547905,0.0,1565.8708,0.2232896,1.2059549,0.0,6,0,0,0,0,0,1,1,0,0,1
510883055,19.907253,19.924572,40.04703,40.456398,0.0,1571.4073,0.22180691,1.2058895,0.0,6,0,0,0,0,0,1,1,0,0,1
511386896,19.7328,19.917099,38.44203,40.197693,0.0,1577.0225,0.22030848,1.2061393,0.0,6,0,0,0,0,0,1,1,0,0,1
511891011,20.072018,19.935017,38.80043,39.43558,0.0,1582.4681,0.2188756,1.205295,0.0,6,0,0,0,0,0,1,1,0,0,1
512395025,19.984789,20.007103,34.078934,37.58967,0.0,1587.578,0.21759121,1.2018353,0.0,6,0,0,0,0,0,1,1,0,0,1
512887770,20.391851,20.134565,30.993595,34.684273,0.0,1592.0416,0.21661581,1.1959208,0.0,6,0,0,0,0,0,1,1,0,0,1
513391859,20.546923,20.255646,33.595875,32.867096,0.0,1596.431,0.21586323,1.1904721,0.0,6,0,0,0,0,0,1,1,0,0,1
513895763,20.072018,20.25632,35.528103,33.967945,0.0,1601.2706,0.21511076,1.1904566,0.0,6,0,0,0,0,0,1,1,0,0,1
514399941,20.168936,20.219957,35.481358,34.956497,0.0,1606.2714,0.21429838,1.192107,0.0,6,0,0,0,0,0,1,1,0,0,1
514903800,20.353083,20.239622,33.424465,34.505367,0.0,1611.0735,0.21352126,1.1911061,0.0,6,0,0,0,0,0,1,1,0,0,1
515407840,20.517847,20.305182,30.230053,33.19793,0.0,1615.6251,0.21285532,1.188162,0.0,6,0,0,0,0,0,1,1,0,0,1
515899719,20.566305,20.352453,33.00374,32.477142,0.0,1619.9672,0.21232301,1.1861879,0.0,6,0,0,0,0,0,1,1,0,0,1
516404564,20.58569,20.396795,30.744276,31.846745,0.0,1624.3934,0.21183138,1.1842778,0.0,6,0,0,0,0,0,1,1,0,0,1
516908690,20.546923,20.454493,29.232773,30.874157,0.0,1628.611,0.21146484,1.1818101,0.0,6,0,0,0,0,0,1,1,0,0,1
517412584,20.83768,20.561192,26.427923,28.902632,0.0,1632.4662,0.21127014,1.1769984,0.0,6,0,0,0,0,0,1,1,0,0,1
517916564,21.118746,20.68484,25.508556,27.012894,0.0,1636.0703,0.21127312,1.1714491,0.0,6,0,0,0,0,0,1,1,0,0,1
518420706,20.857063,20.767664,24.96317,25.998087,0.0,1639.6077,0.21141309,1.1679184,0.0,6,0,0,0,0,0,1,1,0,0,1
518924527,20.73107,20.773964,28.796463,26.692371,0.0,1643.3741,0.21156456,1.1677232,0.0,6,0,0,0,0,0,1,1,0,0,1
519416547,20.750452,20.748652,29.980732,27.889858,0.0,1647.3112,0.21164083,1.1686828,0.0,6,0,0,0,0,0,1,1,0,0,1
519921340,20.605074,20.694027,28.983454,28.93509,0.0,1651.4788,0.21164289,1.171102,0.0,6,0,0,0,0,0,1,1,0,0,1
520425296,20.58569,20.675343,29.980732,29.231544,0.0,1655.6106,0.21160972,1.1718297,0.0,6,0,0,0,0,0,1,1,0,0,1
520929249,20.624458,20.652481,28.266657,29.52289,0.0,1659.802,0.21153718,1.1727524,0.0,6,0,0,0,0,0,1,1,0,0,1
521421353,20.663225,20.714437,26.443506,27.705267,0.0,1663.415,0.21159406,1.1700721,0.0,6,0,0,0,0,0,1,1,0,0,1
521925337,20.362776,20.629028,34.93597,30.200247,0.0,1667.8301,0.21151373,1.173858,0.0,6,0,0,0,0,0,1,1,0,0,1
522430355,20.23678,20.503489,36.291645,33.05649,0.0,1672.7603,0.21118708,1.1791517,0.0,6,0,0,0,0,0,1,1,0,0,1
522934111,20.159245,20.37862,35.777424,34.92419,0.0,1677.8524,0.21066906,1.1846502,0.0,6,0,0,0,0,0,1,1,0,0,1
523426125,20.159245,20.288988,34.748978,35.805527,0.0,1682.8562,0.2100271,1.1886917,0.0,6,0,0,0,0,0,1,1,0,0,1
523930419,20.168936,20.23717,37.38242,35.940285,0.0,1687.872,0.20931195,1.191144,0.0,6,0,0,0,0,0,1,1,0,0,1
524434155,20.53723,20.172209,36.32281,36.90242,0.0,1693.1615,0.20843697,1.1940558,0.0,6,0,0,0,0,0,1,1,0,0,1
524938191,20.3337,20.214283,34.717815,35.538143,0.0,1698.01,0.20766807,1.1919786,0.0,6,0,0,0,0,0,1,1,0,0,1
525431548,20.411234,20.25113,32.473934,34.309296,0.0,1702.5884,0.20700763,1.190426,0.0,6,0,0,0,0,0,1,1,0,0,1
525935010,20.294931,20.297005,33.798447,33.422215,0.0,1707.1626,0.20642917,1.1883363,0.0,6,0,0,0,0,0,1,1,0,0,1
526438940,20.527538,20.33939,31.476654,32.756756,0.0,1711.7035,0.2059034,1.1864268,0.0,6,0,0,0,0,0,1,1,0,0,1
526943177,20.566305,20.396858,30.931267,31.56449,0.0,1716.0029,0.20550013,1.1840041,0.0,6,0,0,0,0,0,1,1,0,0,1
527446930,20.68261,20.456657,29.435345,30.823425,0.0,1720.2615,0.20518737,1.1813254,0.0,6,0,0,0,0,0,1,1,0,0,1
527951035,20.78922,20.565332,25.9137,28.67468,0.0,1724.072,0.20506983,1.1766064,0.0,6,0,0,0,0,0,1,1,0,0,1
528443811,20.798912,20.634975,26.178604,27.507315,0.0,1727.7134,0.20508088,1.1738228,0.0,6,0,0,0,0,0,1,1,0,0,1
528948134,20.556614,20.704016,27.923843,26.729559,0.0,1731.367,0.20518388,1.1709263,0.0,6,0,0,0,0,0,1,1,0,0,1
529451874,20.440311,20.646734,31.616896,28.959827,0.0,1735.621,0.2051769,1.1734318,0.0,6,0,0,0,0,0,1,1,0,0,1
529955767,20.701994,20.592855,30.058645,30.220945,0.0,1740.0112,0.20506336,1.1756889,0.0,6,0,0,0,0,0,1,1,0,0,1
530447868,21.099363,20.697622,22.92186,27.453184,0.0,1743.5502,0.20511986,1.1711653,0.0,6,0,0,0,0,0,1,1,0,0,1
530952535,20.469387,20.731188,29.170444,27.10023,0.0,1747.2239,0.20528759,1.1700124,0.0,6,0,0,0,0,0,1,1,0,0,1
531456552,20.672916,20.712368,29.45093,28.18923,0.0,1751.2816,0.2053655,1.1705106,0.0,6,0,0,0,0,0,1,1,0,0,1
531948742,20.798912,20.709974,28.796463,28.332722,0.0,1755.1632,0.20545068,1.170456,0.0,6,0,0,0,0,0,1,1,0,0,1
532452525,20.58569,20.683973,29.01462,28.675995,0.0,1759.2152,0.20550172,1.1716132,0.0,6,0,0,0,0,0,1,1,0,0,1
532956584,20.575998,20.628403,30.058645,29.761572,0.0,1763.497,0.2054633,1.1740279,0.0,6,0,0,0,0,0,1,1,0,0,1
533460615,20.372467,20.604055,31.554567,30.143724,0.0,1767.7401,0.20539503,1.1749258,0.0,6,0,0,0,0,0,1,1,0,0,1
533953369,20.498463,20.56967,29.186026,30.601974,0.0,1771.9988,0.20526138,1.1763903,0.0,6,0,0,0,0,0,1,1,0,0,1
534457355,20.711685,20.587317,30.043064,29.900005,0.0,1776.1088,0.20516975,1.175579,0.0,6,0,0,0,0,0,1,1,0,0,1
534961523,20.58569,20.599249,28.438066,29.5319,0.0,1780.2192,0.20509467,1.1750104,0.0,6,0,0,0,0,0,1,1,0,0,1
535465290,20.701994,20.630844,27.238213,28.516085,0.0,1784.1276,0.20508534,1.1737946,0.0,6,0,0,0,0,0,1,1,0,0,1
535970026,20.624458,20.657047,30.136557,28.330484,0.0,1788.0521,0.20511733,1.1727715,0.0,6,0,0,0,0,0,1,1,0,0,1
536473996,20.149551,20.563705,33.51796,30.644981,0.0,1792.5392,0.20499407,1.1770247,0.0,6,0,0,0,0,0,1,1,0,0,1
536978217,20.275547,20.458656,34.25034,32.7402,0.0,1797.3359,0.20467404,1.1816115,0.0,6,0,0,0,0,0,1,1,0,0,1
537482188,20.391851,20.431646,32.177868,32.735504,0.0,1801.9364,0.20430896,1.182651,0.0,6,0,0,0,0,0,1,1,0,0,1
537986259,20.663225,20.434645,31.289663,32.135128,0.0,1806.3783,0.20397416,1.1824985,0.0,6,0,0,0,0,0,1,1,0,0,1
538490322,20.508154,20.447882,32.16228,31.59479,0.0,1810.7258,0.20368037,1.1819401,0.0,6,0,0,0,0,0,1,1,0,0,1
538994176,20.508154,20.445734,30.962431,31.544231,0.0,1815.1263,0.20337996,1.1821117,0.0,6,0,0,0,0,0,1,1,0,0,1
539498190,20.53723,20.45189,31.710392,31.210651,0.0,1819.4524,0.20309584,1.1818897,0.0,6,0,0,0,0,0,1,1,0,0,1
539991121,20.58569,20.465778,31.040344,31.293356,0.0,1823.7618,0.20280972,1.1811285,0.0,6,0,0,0,0,0,1,1,0,0,1
540495064,20.3337,20.453983,32.00646,31.583946,0.0,1828.2007,0.20253105,1.1817018,0.0,6,0,0,0,0,0,1,1,0,0,1
540999032,20.391851,20.39995,34.078934,32.71271,0.0,1832.8906,0.20215227,1.1841943,0.0,6,0,0,0,0,0,1,1,0,0,1
541502941,20.469387,20.375156,32.629757,33.01912,0.0,1837.5609,0.2017246,1.1852676,0.0,6,0,0,0,0,0,1,1,0,0,1
542006881,20.324007,20.377253,31.897383,32.59002,0.0,1842.0789,0.20132154,1.1852343,0.0,6,0,0,0,0,0,1,1,0,0,1
542511196,20.314316,20.369347,32.81675,32.61141,0.0,1846.6571,0.20090488,1.1856569,0.0,6,0,0,0,0,0,1,1,0,0,1
543003721,20.198011,20.345697,34.530823,33.115673,0.0,1851.2206,0.20046552,1.1867908,0.0,6,0,0,0,0,0,1,1,0,0,1
543507801,20.275547,20.315012,33.471214,33.54504,0.0,1855.9781,0.19995658,1.1882008,0.0,6,0,0,0,0,0,1,1,0,0,1
544011970,20.294931,20.317837,34.281506,33.430458,0.0,1860.6398,0.19945952,1.1879563,0.0,6,0,0,0,0,0,1,1,0,0,1
544515681,20.023558,20.269495,34.717815,34.44638,0.0,1865.5516,0.1988864,1.1902345,0.0,6,0,0,0,0,0,1,1,0,0,1
545019740,20.256165,20.272322,31.741556,33.923244,0.0,1870.2687,0.19831842,1.1901331,0.0,6,0,0,0,0,0,1,1,0,0,1
545523711,20.469387,20.307863,32.08437,33.065117,0.0,1874.8047,0.1978241,1.1885264,0.0,6,0,0,0,0,0,1,1,0,0,1
546027725,20.18832,20.34269,32.69209,32.417572,0.0,1879.2578,0.19740221,1.1869122,0.0,6,0,0,0,0,0,1,1,0,0,1
546532682,20.382158,20.320694,33.860775,33.00037,0.0,1883.9292,0.19694571,1.1879854,0.0,6,0,0,0,0,0,1,1,0,0,1
547036955,20.130169,20.30156,33.1284,33.177067,0.0,1888.5898,0.19647212,1.1889377,0.0,6,0,0,0,0,0,1,1,0,0,1
547540519,20.430618,20.32042,30.853354,32.259945,0.0,1893.0233,0.19603175,1.1881454,0.0,6,0,0,0,0,0,1,1,0,0,1
548044707,20.450003,20.349348,30.510538,31.496777,0.0,1897.3561,0.19565164,1.1869861,0.0,6,0,0,0,0,0,1,1,0,0,1
548548726,20.469387,20.365622,30.57287,31.284014,0.0,1901.7213,0.1952899,1.1862819,0.0,6,0,0,0,0,0,1,1,0,0,1
549041388,20.324007,20.40128,30.011898,30.458994,0.0,1905.8009,0.19501737,1.1847992,0.0,6,0,0,0,0,0,1,1,0,0,1
549545466,20.58569,20.39486,30.619616,30.861694,0.0,1910.1583,0.1947136,1.185163,0.0,6,0,0,0,0,0,1,1,0,0,1
550049726,20.430618,20.436333,29.419764,29.989248,0.0,1914.2632,0.19448978,1.18331,0.0,6,0,0,0,0,0,1,1,0,0,1
550553381,20.28524,20.40474,30.370295,30.821486,0.0,1918.664,0.19420995,1.1848198,0.0,6,0,0,0,0,0,1,1,0,0,1
551057347,20.324007,20.396019,32.598595,30.870205,0.0,1922.9707,0.1939304,1.1852351,0.0,6,0,0,0,0,0,1,1,0,0,1
551561564,20.324007,20.35889,33.112816,31.725624,0.0,1927.501,0.19357665,1.1868448,0.0,6,0,0,0,0,0,1,1,0,0,1
552065388,20.450003,20.400434,28.34457,30.477573,0.0,1931.6737,0.19329001,1.1848958,0.0,6,0,0,0,0,0,1,1,0,0,1
552558190,20.081709,20.378893,35.43461,31.16437,0.0,1935.9379,0.19301787,1.1860296,0.0,6,0,0,0,0,0,1,1,0,0,1
553062127,19.703722,20.250174,43.942657,33.79439,0.0,1940.9175,0.19250527,1.1922767,0.0,6,0,0,0,0,0,1,1,0,0,1
553566160,20.546923,20.302458,28.578308,32.473057,0.0,1945.4235,0.1919798,1.1902616,0.0,6,0,0,0,0,0,1,1,0,0,1
554070309,19.005903,20.12934,50.611965,36.740562,0.0,1950.7572,0.19131838,1.1983391,0.0,6,0,0,0,0,0,1,1,0,0,1
554574265,18.986519,19.73795,50.705463,45.3214,0.0,1958.01,0.1897452,1.2162627,0.0,6,0,0,0,0,0,1,1,0,0,1
555078294,19.393581,19.579056,44.09848,46.21367,0.0,1964.6293,0.18786064,1.2235047,0.0,6,0,0,0,0,0,1,1,0,0,1
555583007,19.829718,19.6047,41.075474,43.70417,0.0,1970.5278,0.18605682,1.221913,0.0,6,0,0,0,0,0,1,1,0,0,1
556087095,20.062325,19.661379,38.80043,41.638897,0.0,1976.1749,0.18440564,1.2190396,0.0,6,0,0,0,0,0,1,1,0,0,1
556591033,19.887869,19.777355,35.309948,38.84635,0.0,1981.34,0.18303041,1.2134229,0.0,6,0,0,0,0,0,1,1,0,0,1
557095115,20.614765,19.953726,29.186026,35.22448,0.0,1985.9639,0.18200034,1.2050956,0.0,6,0,0,0,0,0,1,1,0,0,1
557599334,21.012135,20.236036,23.965887,29.846186,0.0,1989.6321,0.18151651,1.1937732,0.0,6,0,0,0,0,0,1,1,0,0,1
558103714,19.965405,20.34501,34.93597,29.269503,0.0,1993.5214,0.18128242,1.1897297,0.0,6,0,0,0,0,0,1,1,0,0,1
558607691,19.616495,20.245,43.194695,32.813232,0.0,1998.4591,0.18079963,1.1948136,0.0,6,0,0,0,0,0,1,1,0,0,1
559099765,19.761875,20.154932,39.86004,35.187004,0.0,2003.5471,0.18012366,1.1980959,0.0,6,0,0,0,0,0,1,1,0,0,1
559603694,19.64557,19.963839,41.35596,39.33843,0.0,2009.4811,0.17911132,1.2063658,0.0,6,0,0,0,0,0,1,1,0,0,1
560107741,19.74249,19.89829,38.270622,39.40322,0.0,2015.0284,0.17799918,1.2089438,0.0,6,0,0,0,0,0,1,1,0,0,1
560612561,20.052633,19.9089,36.837032,38.24806,0.0,2020.288,0.17693852,1.2081431,0.0,6,0,0,0,0,0,1,1,0,0,1
561116564,19.946022,19.938148,37.179848,37.41476,0.0,2025.4314,0.17595577,1.2065707,0.0,6,0,0,0,0,0,1,1,0,0,1
561620689,19.761875,19.918188,39.003,37.694588,0.0,2030.7087,0.17497651,1.2074445,0.0,6,0,0,0,0,0,1,1,0,0,1
562124721,19.887869,19.874664,38.87834,38.523922,0.0,2036.1938,0.1739034,1.2095902,0.0,6,0,0,0,0,0,1,1,0,0,1
562628713,20.198011,19.92743,34.81131,37.207954,0.0,2041.3011,0.17290945,1.2071986,0.0,6,0,0,0,0,0,1,1,0,0,1
563132694,20.227087,20.00506,33.44005,35.277294,0.0,2046.0475,0.1721023,1.2039034,0.0,6,0,0,0,0,0,1,1,0,0,1
563637394,20.149551,20.058735,34.25034,34.5668,0.0,2050.8232,0.17139277,1.2015887,0.0,6,0,0,0,0,0,1,1,0,0,1
564129447,20.120476,20.126316,32.193447,33.409832,0.0,2055.2778,0.17082544,1.1986066,0.0,6,0,0,0,0,0,1,1,0,0,1
564633471,20.178629,20.175823,32.06879,32.634426,0.0,2059.7698,0.17035602,1.1964401,0.0,6,0,0,0,0,0,1,1,0,0,1
565137352,20.159245,20.192585,34.047768,32.790154,0.0,2064.36,0.16991532,1.1956455,0.0,6,0,0,0,0,0,1,1,0,0,1
565641371,19.936329,20.16287,34.281506,33.83042,0.0,2069.1973,0.16942027,1.1969262,0.0,6,0,0,0,0,0,1,1,0,0,1
566145592,19.858793,20.133215,35.029465,34.415634,0.0,2074.0706,0.16888519,1.1983309,0.0,6,0,0,0,0,0,1,1,0,0,1
566650333,20.120476,20.103922,36.276066,35.164463,0.0,2079.0623,0.16828923,1.1997093,0.0,6,0,0,0,0,0,1,1,0,0,1
567154118,20.275547,20.15281,31.912964,33.595463,0.0,2083.6216,0.16779253,1.1975412,0.0,6,0,0,0,0,0,1,1,0,0,1
567646384,20.207705,20.143932,35.68393,33.970207,0.0,2088.277,0.16730343,1.1980032,0.0,6,0,0,0,0,0,1,1,0,0,1
568150427,20.207705,20.113716,33.907524,34.7531,0.0,2093.2498,0.16671748,1.1993923,0.0,6,0,0,0,0,0,1,1,0,0,1
568654065,20.23678,20.156149,32.598595,33.302963,0.0,2097.767,0.16624573,1.1975793,0.0,6,0,0,0,0,0,1,1,0,0,1
569147090,20.004173,20.134258,35.43461,34.22538,0.0,2102.5332,0.16574241,1.1985492,0.0,6,0,0,0,0,0,1,1,0,0,1
569651400,20.372467,20.193146,31.461071,32.838444,0.0,2107.0227,0.16531608,1.1958241,0.0,6,0,0,0,0,0,1,1,0,0,1
570154894,20.411234,20.216387,31.102673,32.68543,0.0,2111.57,0.1649555,1.19488,0.0,6,0,0,0,0,0,1,1,0,0,1
570646889,20.430618,20.292936,30.105394,30.921875,0.0,2115.625,0.16474378,1.1915127,0.0,6,0,0,0,0,0,1,1,0,0,1
571151397,20.256165,20.293503,32.302525,31.505249,0.0,2120.069,0.16452566,1.1915896,0.0,6,0,0,0,0,0,1,1,0,0,1
571654855,20.13986,20.289837,31.367577,31.527386,0.0,2124.483,0.16430694,1.1917905,0.0,6,0,0,0,0,0,1,1,0,0,1
572159745,19.761875,20.241156,36.151405,33.051624,0.0,2129.237,0.16400336,1.1938468,0.0,6,0,0,0,0,0,1,1,0,0,1
572663700,20.265856,20.210667,31.75714,33.333668,0.0,2133.9824,0.1636167,1.1952227,0.0,6,0,0,0,0,0,1,1,0,0,1
573167739,19.965405,20.165794,36.307228,34.338146,0.0,2138.8442,0.16319309,1.1972684,0.0,6,0,0,0,0,0,1,1,0,0,1
573671893,20.159245,20.12365,36.774704,35.19787,0.0,2143.8599,0.1626694,1.1990204,0.0,6,0,0,0,0,0,1,1,0,0,1
574175864,20.159245,20.08536,33.93869,35.428967,0.0,2148.8662,0.16208497,1.2007731,0.0,6,0,0,0,0,0,1,1,0,0,1
574679733,20.101093,20.088396,35.777424,34.8893,0.0,2153.6628,0.16154267,1.2007642,0.0,6,0,0,0,0,0,1,1,0,0,1
575172681,20.033249,20.088573,35.465775,34.95395,0.0,2158.451,0.16099606,1.200681,0.0,6,0,0,0,0,0,1,1,0,0,1
575676527,19.975098,20.064228,35.699512,35.297318,0.0,2163.42,0.16040376,1.2018403,0.0,6,0,0,0,0,0,1,1,0,0,1
576180536,20.13986,20.050825,35.82417,35.380577,0.0,2168.3845,0.15979426,1.2024668,0.0,6,0,0,0,0,0,1,1,0,0,1
576684533,20.120476,20.052725,35.80859,35.284637,0.0,2173.3062,0.15918478,1.2023617,0.0,6,0,0,0,0,0,1,1,0,0,1
577188724,20.101093,20.034033,36.057907,35.535904,0.0,2178.3186,0.15855439,1.2032789,0.0,6,0,0,0,0,0,1,1,0,0,1
577693609,19.946022,20.025534,35.855335,35.606983,0.0,2183.3184,0.15791225,1.2036748,0.0,6,0,0,0,0,0,1,1,0,0,1
578185363,19.74249,19.976143,38.582275,36.519115,0.0,2188.36,0.15722913,1.2059615,0.0,6,0,0,0,0,0,1,1,0,0,1
578689484,19.907253,19.904581,38.80043,37.82402,0.0,2193.8005,0.15637515,1.2090915,0.0,6,0,0,0,0,0,1,1,0,0,1
579193979,19.926638,19.890297,36.837032,37.773438,0.0,2199.109,0.15549432,1.2095157,0.0,6,0,0,0,0,0,1,1,0,0,1
579697371,19.984789,19.89374,35.87092,37.225227,0.0,2204.2593,0.15466218,1.2093326,0.0,6,0,0,0,0,0,1,1,0,0,1
580201384,19.946022,19.924397,37.38242,36.495914,0.0,2209.287,0.15389541,1.2078493,0.0,6,0,0,0,0,0,1,1,0,0,1
580706168,19.975098,19.90701,36.696793,37.125965,0.0,2214.5654,0.15308444,1.2086415,0.0,6,0,0,0,0,0,1,1,0,0,1
581210406,19.955713,19.910809,36.93053,36.736206,0.0,2219.674,0.1523086,1.2084796,0.0,6,0,0,0,0,0,1,1,0,0,1
581714171,19.810335,19.896145,37.351257,37.044075,0.0,2224.887,0.1515174,1.20917,0.0,6,0,0,0,0,0,1,1,0,0,1
582218223,19.800642,19.899832,34.87364,36.825516,0.0,2230.0417,0.1507286,1.2090131,0.0,6,0,0,0,0,0,1,1,0,0,1
582722185,19.984789,19.92548,35.99558,36.18052,0.0,2235.031,0.15001181,1.2079966,0.0,6,0,0,0,0,0,1,1,0,0,1
583226185,19.79095,19.939404,35.76184,36.07205,0.0,2240.0637,0.14931184,1.2074226,0.0,6,0,0,0,0,0,1,1,0,0,1
583731364,19.984789,19.938133,35.855335,36.25826,0.0,2245.1575,0.14861794,1.2075025,0.0,6,0,0,0,0,0,1,1,0,0,1
584223037,19.984789,19.962511,36.19815,36.11397,0.0,2250.0684,0.14798307,1.2061568,0.0,6,0,0,0,0,0,1,1,0,0,1
584726933,19.936329,19.954327,36.260483,36.14849,0.0,2255.123,0.14735149,1.2066532,0.0,6,0,0,0,0,0,1,1,0,0,1
585231369,19.703722,19.922432,37.7564,36.778023,0.0,2260.3213,0.14666425,1.2082298,0.0,6,0,0,0,0,0,1,1,0,0,1
585734989,19.800642,19.896585,37.60058,37.26593,0.0,2265.5947,0.14591104,1.2093929,0.0,6,0,0,0,0,0,1,1,0,0,1
586238896,19.810335,19.909918,36.525383,36.75594,0.0,2270.6912,0.14520009,1.2087324,0.0,6,0,0,0,0,0,1,1,0,0,1
586743890,19.936329,19.876793,38.17713,37.48276,0.0,2276.0132,0.1444365,1.2102922,0.0,6,0,0,0,0,0,1,1,0,0,1
587247743,19.781258,19.855196,37.709656,37.69547,0.0,2281.3142,0.1436449,1.211282,0.0,6,0,0,0,0,0,1,1,0,0,1
587739664,19.887869,19.8599,36.104656,37.236885,0.0,2286.363,0.14288472,1.2111038,0.0,6,0,0,0,0,0,1,1,0,0,1
588243957,19.713415,19.854061,38.28621,37.34494,0.0,2291.5835,0.1421212,1.2114142,0.0,6,0,0,0,0,0,1,1,0,0,1
589744549,20.13986,19.832434,32.75442,36.241936,0.0,2307.1357,0.1395648,1.2129478,0.0,6,0,0,0,0,0,1,1,0,0,1
590248812,20.159245,19.91442,33.68937,34.469345,0.0,2311.7666,0.13894752,1.2094302,0.0,6,0,0,0,0,0,1,1,0,0,1
590740473,19.946022,19.945322,34.00102,34.255573,0.0,2316.4146,0.13839923,1.2081823,0.0,6,0,0,0,0,0,1,1,0,0,1
591244636,20.062325,19.974619,33.860775,33.95982,0.0,2321.145,0.13788596,1.2067969,0.0,6,0,0,0,0,0,1,1,0,0,1
591748796,20.072018,20.011019,33.268642,33.41679,0.0,2325.7664,0.13745055,1.2050484,0.0,6,0,0,0,0,0,1,1,0,0,1
592253348,20.120476,20.006197,33.68937,33.932117,0.0,2330.572,0.13700877,1.2051939,0.0,6,0,0,0,0,0,1,1,0,0,1
592745527,20.13986,20.007362,33.112816,33.80835,0.0,2335.1907,0.13659164,1.2051302,0.0,6,0,0,0,0,0,1,1,0,0,1
593249983,19.984789,20.004436,34.56199,34.01645,0.0,2339.9648,0.13616367,1.2052981,0.0,6,0,0,0,0,0,1,1,0,0,1
593753763,19.936329,20.008812,34.982716,33.893867,0.0,2344.6885,0.13575453,1.205062,0.0,6,0,0,0,0,0,1,1,0,0,1
594257345,20.246471,20.00911,32.473934,33.872272,0.0,2349.4436,0.13533342,1.2051498,0.0,6,0,0,0,0,0,1,1,0,0,1
594762137,20.033249,20.056519,33.315388,32.877827,0.0,2353.939,0.1350116,1.2030318,0.0,6,0,0,0,0,0,1,1,0,0,1
595254158,20.178629,20.062258,32.941406,33.06197,0.0,2358.4778,0.1347029,1.2028395,0.0,6,0,0,0,0,0,1,1,0,0,1
595758224,20.120476,20.059845,33.93869,33.203697,0.0,2363.1326,0.13439338,1.203052,0.0,6,0,0,0,0,0,1,1,0,0,1
596262168,20.004173,20.016645,34.546406,34.318714,0.0,2368.0518,0.13399065,1.2050805,0.0,6,0,0,0,0,0,1,1,0,0,1
596766205,20.120476,20.03402,32.84791,33.693417,0.0,2372.722,0.13361858,1.2042434,0.0,6,0,0,0,0,0,1,1,0,0,1
597270337,20.178629,20.07079,30.791023,32.764446,0.0,2377.2383,0.13331954,1.2026228,0.0,6,0,0,0,0,0,1,1,0,0,1
597775205,20.0914,20.134125,31.242916,31.478863,0.0,2381.5188,0.13314562,1.199738,0.0,6,0,0,0,0,0,1,1,0,0,1
598278965,19.936329,20.12066,33.486794,32.40801,0.0,2386.128,0.13295397,1.2001394,0.0,6,0,0,0,0,0,1,1,0,0,1
598783201,20.081709,20.101345,32.660923,32.844097,0.0,2390.795,0.13271557,1.2009628,0.0,6,0,0,0,0,0,1,1,0,0,1
599274898,20.072018,20.105225,34.063347,32.829536,0.0,2395.2595,0.13251276,1.20078,0.0,6,0,0,0,0,0,1,1,0,0,1
599779167,19.975098,20.047884,34.93597,34.089806,0.0,2400.152,0.13219935,1.2034804,0.0,6,0,0,0,0,0,1,1,0,0,1
600283780,19.761875,20.007488,35.652763,34.67165,0.0,2405.062,0.13182132,1.205249,0.0,6,0,0,0,0,0,1,1,0,0,1
600775992,20.13986,19.995403,32.879078,34.628418,0.0,2409.8223,0.13141137,1.2056276,0.0,6,0,0,0,0,0,1,1,0,0,1
601279779,20.178629,20.0951,31.274082,32.077766,0.0,2414.049,0.13120705,1.2009678,0.0,6,0,0,0,0,0,1,1,0,0,1
601783674,19.984789,20.046444,35.699512,33.711063,0.0,2418.9033,0.13092156,1.2033353,0.0,6,0,0,0,0,0,1,1,0,0,1
602287658,20.120476,20.078773,31.39874,32.786186,0.0,2423.4302,0.13067353,1.2016413,0.0,6,0,0,0,0,0,1,1,0,0,1
602779872,20.159245,20.08502,32.037624,32.80068,0.0,2427.9067,0.13046446,1.2013955,0.0,6,0,0,0,0,0,1,1,0,0,1
603284567,19.63588,20.068472,36.68121,33.342022,0.0,2432.5747,0.1302453,1.2025375,0.0,6,0,0,0,0,0,1,1,0,0,1
603788672,20.062325,20.037502,33.611458,34.39182,0.0,2437.6592,0.12981725,1.2038555,0.0,6,0,0,0,0,0,1,1,0,0,1
604292624,19.325737,19.871317,45.111343,38.382065,0.0,2443.3455,0.12922733,1.2116251,0.0,6,0,0,0,0,0,1,1,0,0,1
604796610,19.752182,19.76411,39.080914,40.12072,0.0,2449.208,0.1283488,1.2162639,0.0,6,0,0,0,0,0,1,1,0,0,1
605300569,19.897562,19.830101,34.26592,37.364914,0.0,2454.1895,0.12764777,1.2128966,0.0,6,0,0,0,0,0,1,1,0,0,1
605805372,20.382158,19.906326,31.803886,35.53582,0.0,2459.018,0.12710099,1.209256,0.0,6,0,0,0,0,0,1,1,0,0,1
606309579,20.469387,20.063082,28.609472,32.07503,0.0,2463.1753,0.12687095,1.202206,0.0,6,0,0,0,0,0,1,1,0,0,1
606801315,20.023558,20.125875,31.94413,31.941708,0.0,2467.4817,0.12675759,1.1995329,0.0,6,0,0,0,0,0,1,1,0,0,1
607305317,20.469387,20.134077,30.88452,32.67243,0.0,2472.119,0.1266377,1.199488,0.0,6,0,0,0,0,0,1,1,0,0,1
607809474,20.362776,20.188768,31.725973,31.856323,0.0,2476.5435,0.1265662,1.197501,0.0,6,0,0,0,0,0,1,1,0,0,1
608314310,19.674646,20.099333,39.828873,34.304375,0.0,2481.5227,0.12639488,1.2016392,0.0,6,0,0,0,0,0,1,1,0,0,1
608818197,19.703722,19.931536,41.387123,38.071487,0.0,2487.2454,0.12587206,1.2089298,0.0,6,0,0,0,0,0,1,1,0,0,1
609322190,19.713415,19.824041,40.343098,39.49464,0.0,2492.9277,0.1251782,1.213453,0.0,6,0,0,0,0,0,1,1,0,0,1
609826198,19.14159,19.71641,43.849163,40.82715,0.0,2498.738,0.12433372,1.2184018,0.0,6,0,0,0,0,0,1,1,0,0,1
610330375,19.500193,19.585201,43.47518,42.96254,0.0,2505.0046,0.1231833,1.2245396,0.0,6,0,0,0,0,0,1,1,0,0,1
610834551,19.83941,19.616379,37.460335,41.080124,0.0,2510.6228,0.12209371,1.2227447,0.0,6,0,0,0,0,0,1,1,0,0,1
611327091,19.984789,19.715185,33.315388,38.16636,0.0,2515.5625,0.121280864,1.217919,0.0,6,0,0,0,0,0,1,1,0,0,1
611831552,20.198011,19.899685,30.292383,33.925217,0.0,2519.8977,0.12083017,1.2092437,0.0,6,0,0,0,0,0,1,1,0,0,1
612334990,20.149551,20.014961,32.037624,32.377525,0.0,2524.2415,0.12061273,1.2040192,0.0,6,0,0,0,0,0,1,1,0,0,1
612838955,20.13986,20.068607,32.053207,32.194885,0.0,2528.722,0.120480515,1.2016072,0.0,6,0,0,0,0,0,1,1,0,0,1
613343099,20.198011,20.106007,33.034904,32.16452,0.0,2533.2278,0.12040482,1.1998726,0.0,6,0,0,0,0,0,1,1,0,0,1
613848134,19.984789,20.079262,35.24762,33.411346,0.0,2538.0344,0.12028474,1.2010165,0.0,6,0,0,0,0,0,1,1,0,0,1
614351865,19.83941,20.021528,36.572132,34.927204,0.0,2543.057,0.12006359,1.2036335,0.0,6,0,0,0,0,0,1,1,0,0,1
614843755,19.946022,19.959913,35.948833,36.076656,0.0,2548.1143,0.119729355,1.2064465,0.0,6,0,0,0,0,0,1,1,0,0,1
615347764,19.849102,19.972675,33.81403,35.35292,0.0,2553.0056,0.11942098,1.2057397,0.0,6,0,0,0,0,0,1,1,0,0,1
615851977,19.965405,19.990513,33.175144,34.633327,0.0,2557.786,0.11916247,1.205049,0.0,6,0,0,0,0,0,1,1,0,0,1
616356517,20.479078,20.084167,29.544422,32.345284,0.0,2562.1208,0.11906604,1.2007824,0.0,6,0,0,0,0,0,1,1,0,0,1
616848710,20.575998,20.20582,26.381176,29.884398,0.0,2565.967,0.11918588,1.1954342,0.0,6,0,0,0,0,0,1,1,0,0,1
617352575,20.750452,20.387413,23.342588,26.3691,0.0,2569.3079,0.119616434,1.1874826,0.0,6,0,0,0,0,0,1,1,0,0,1
617856588,20.556614,20.457626,26.739573,26.137604,0.0,2572.9126,0.12015508,1.1845549,0.0,6,0,0,0,0,0,1,1,0,0,1
618348778,20.672916,20.499445,25.960447,26.210337,0.0,2576.5066,0.12070662,1.1826258,0.0,6,0,0,0,0,0,1,1,0,0,1
618853613,20.556614,20.522213,28.422482,26.862522,0.0,2580.3296,0.12128619,1.1813655,0.0,6,0,0,0,0,0,1,1,0,0,1
619357360,20.178629,20.442802,31.679226,28.843184,0.0,2584.5415,0.12175584,1.1849191,0.0,6,0,0,0,0,0,1,1,0,0,1
619861353,20.159245,20.356262,32.286945,30.615175,0.0,2588.992,0.12207527,1.1886652,0.0,6,0,0,0,0,0,1,1,0,0,1
620353570,20.081709,20.283318,33.06607,31.813606,0.0,2593.468,0.122263014,1.1917564,0.0,6,0,0,0,0,0,1,1,0,0,1
620857364,20.110785,20.218582,34.219173,32.723576,0.0,2598.1404,0.12235715,1.1945736,0.0,6,0,0,0,0,0,1,1,0,0,1
621361567,19.79095,20.111845,36.369556,34.68045,0.0,2603.1667,0.122274995,1.1994658,0.0,6,0,0,0,0,0,1,1,0,0,1
621866180,20.023558,20.05742,34.76456,34.934044,0.0,2608.1177,0.12207903,1.2020189,0.0,6,0,0,0,0,0,1,1,0,0,1
622370418,20.0914,20.079649,33.471214,33.665108,0.0,2612.7236,0.12194314,1.201037,0.0,6,0,0,0,0,0,1,1,0,0,1
622874383,19.761875,19.955843,38.50436,36.01484,0.0,2617.9573,0.12161963,1.2071928,0.0,6,0,0,0,0,0,1,1,0,0,1
623378223,19.781258,19.8523,38.457615,37.757465,0.0,2623.424,0.12106171,1.2119768,0.0,6,0,0,0,0,0,1,1,0,0,1
623882105,19.761875,19.803514,37.662907,37.773083,0.0,2628.715,0.1204335,1.2143457,0.0,6,0,0,0,0,0,1,1,0,0,1
624374952,19.781258,19.820696,33.72053,36.65902,0.0,2633.6392,0.1198413,1.2135133,0.0,6,0,0,0,0,0,1,1,0,0,1
624878922,20.450003,20.001493,25.944866,32.080917,0.0,2637.7344,0.119570605,1.205012,0.0,6,0,0,0,0,0,1,1,0,0,1
625383183,20.450003,20.16069,27.020058,28.998785,0.0,2641.4526,0.11964571,1.1979697,0.0,6,0,0,0,0,0,1,1,0,0,1
625886926,20.3337,20.237877,28.889957,28.52824,0.0,2645.3809,0.119828336,1.1945089,0.0,6,0,0,0,0,0,1,1,0,0,1
626378918,20.275547,20.260906,28.780882,28.927008,0.0,2649.38,0.12003129,1.1934401,0.0,6,0,0,0,0,0,1,1,0,0,1
626883712,20.372467,20.287315,28.562725,28.808218,0.0,2653.4282,0.120273076,1.1922778,0.0,6,0,0,0,0,0,1,1,0,0,1
627387737,20.149551,20.255747,32.489517,29.899601,0.0,2657.6821,0.12048631,1.1938409,0.0,6,0,0,0,0,0,1,1,0,0,1
627879742,20.246471,20.225239,30.853354,30.880686,0.0,2662.023,0.120592564,1.1949964,0.0,6,0,0,0,0,0,1,1,0,0,1
628383742,20.304623,20.226248,31.227333,30.753395,0.0,2666.3152,0.12072369,1.1948892,0.0,6,0,0,0,0,0,1,1,0,0,1
628887754,20.081709,20.187517,34.00102,31.764141,0.0,2670.8367,0.12079241,1.1966215,0.0,6,0,0,0,0,0,1,1,0,0,1
629380490,20.256165,20.1934,29.435345,31.057787,0.0,2675.071,0.12084942,1.1963749,0.0,6,0,0,0,0,0,1,1,0,0,1
629884491,20.120476,20.2221,30.479372,30.390026,0.0,2679.2375,0.120985486,1.1951063,0.0,6,0,0,0,0,0,1,1,0,0,1
630388622,20.149551,20.231663,30.448208,30.305935,0.0,2683.4749,0.12113059,1.1946317,0.0,6,0,0,0,0,0,1,1,0,0,1
630892530,20.265856,20.248896,30.541704,30.08162,0.0,2687.658,0.12130313,1.1938175,0.0,6,0,0,0,0,0,1,1,0,0,1
631396657,20.120476,20.199802,32.505096,31.303337,0.0,2692.147,0.12139417,1.1961253,0.0,6,0,0,0,0,0,1,1,0,0,1
631901365,20.198011,20.19105,30.993595,31.142004,0.0,2696.514,0.121461935,1.1965519,0.0,6,0,0,0,0,0,1,1,0,0,1
632405375,20.23678,20.18734,31.492235,31.153505,0.0,2700.8665,0.121533945,1.196749,0.0,6,0,0,0,0,0,1,1,0,0,1
632909620,20.353083,20.179758,30.479372,31.174133,0.0,2705.247,0.121579446,1.1971278,0.0,6,0,0,0,0,0,1,1,0,0,1
633413401,20.508154,20.21277,29.731413,30.44163,0.0,2709.4263,0.12168846,1.1955895,0.0,6,0,0,0,0,0,1,1,0,0,1
633917384,20.294931,20.269396,28.84321,29.456495,0.0,2713.457,0.12188563,1.1928983,0.0,6,0,0,0,0,0,1,1,0,0,1
634410260,20.227087,20.260927,30.417044,30.073795,0.0,2717.622,0.122064605,1.1933157,0.0,6,0,0,0,0,0,1,1,0,0,1
634914107,20.198011,20.235094,31.133839,30.731804,0.0,2721.9753,0.122203425,1.1944507,0.0,6,0,0,0,0,0,1,1,0,0,1
635418166,20.052633,20.184948,33.627037,31.799917,0.0,2726.5078,0.12226379,1.1966764,0.0,6,0,0,0,0,0,1,1,0,0,1
635922089,20.159245,20.149862,33.237476,32.305653,0.0,2731.0857,0.12224996,1.1981338,0.0,6,0,0,0,0,0,1,1,0,0,1
636426049,20.130169,20.114803,32.224613,32.749542,0.0,2735.7388,0.12217244,1.1996812,0.0,6,0,0,0,0,0,1,1,0,0,1
636931360,20.391851,20.143984,29.435345,31.612808,0.0,2740.0876,0.12215256,1.1984007,0.0,6,0,0,0,0,0,1,1,0,0,1
637423051,20.382158,20.252111,28.438066,29.128332,0.0,2743.8176,0.12232923,1.1935917,0.0,6,0,0,0,0,0,1,1,0,0,1
637926845,20.033249,20.210026,33.159565,30.745157,0.0,2748.2458,0.12244054,1.1957109,0.0,6,0,0,0,0,0,1,1,0,0,1
638431388,20.450003,20.188679,29.653502,31.283989,0.0,2752.7275,0.12247251,1.196512,0.0,6,0,0,0,0,0,1,1,0,0,1
638934984,20.227087,20.242971,28.484814,29.651402,0.0,2756.704,0.12264383,1.1941347,0.0,6,0,0,0,0,0,1,1,0,0,1
639439802,20.13986,20.237837,30.448208,30.072174,0.0,2760.9404,0.12278727,1.1944705,0.0,6,0,0,0,0,0,1,1,0,0,1
639943786,20.0914,20.26145,28.765297,29.8476,0.0,2765.1055,0.12295341,1.1932352,0.0,6,0,0,0,0,0,1,1,0,0,1
640447848,20.13986,20.26077,31.102673,30.016438,0.0,2769.3096,0.123129904,1.1933414,0.0,6,0,0,0,0,0,1,1,0,0,1
640951806,20.382158,20.272171,30.261219,29.981344,0.0,2773.5085,0.12331218,1.1927904,0.0,6,0,0,0,0,0,1,1,0,0,1
641456534,20.48877,20.32706,26.630495,28.617523,0.0,2777.4104,0.12358105,1.1903905,0.0,6,0,0,0,0,0,1,1,0,0,1
641948727,20.479078,20.346336,28.671804,28.484684,0.0,2781.2844,0.12388783,1.1897027,0.0,6,0,0,0,0,0,1,1,0,0,1
642452566,20.469387,20.381008,27.799183,28.17555,0.0,2785.206,0.12422884,1.1880312,0.0,6,0,0,0,0,0,1,1,0,0,1
642956581,20.256165,20.36036,29.887238,28.612936,0.0,2789.2356,0.124563366,1.1891366,0.0,6,0,0,0,0,0,1,1,0,0,1
643460590,20.294931,20.349472,28.812044,28.616737,0.0,2793.2578,0.12486485,1.1896486,0.0,6,0,0,0,0,0,1,1,0,0,1
643965323,20.3337,20.347801,28.702969,28.950016,0.0,2797.355,0.12514605,1.1895697,0.0,6,0,0,0,0,0,1,1,0,0,1
645477262,20.372467,20.29151,31.071508,30.336279,0.0,2809.8699,0.1258962,1.1917456,0.0,6,0,0,0,0,0,1,1,0,0,1
645981299,20.052633,20.260473,30.728695,30.603048,0.0,2814.1865,0.12604386,1.1932038,0.0,6,0,0,0,0,0,1,1,0,0,1
646474421,20.072018,20.262802,30.775442,30.268835,0.0,2818.3015,0.12619062,1.1930277,0.0,6,0,0,0,0,0,1,1,0,0,1
646978251,20.062325,20.18928,32.44277,31.930603,0.0,2822.9287,0.1262137,1.1963682,0.0,6,0,0,0,0,0,1,1,0,0,1
647482135,20.275547,20.198664,29.809326,31.236792,0.0,2827.2468,0.12624621,1.1957964,0.0,6,0,0,0,0,0,1,1,0,0,1
647986132,20.168936,20.21489,31.289663,30.539324,0.0,2831.4333,0.1263369,1.1951418,0.0,6,0,0,0,0,0,1,1,0,0,1
648490326,20.256165,20.18383,31.429907,31.346956,0.0,2835.9114,0.12635046,1.1965172,0.0,6,0,0,0,0,0,1,1,0,0,1
648995183,20.275547,20.207857,30.120975,30.533009,0.0,2840.1106,0.12641458,1.1954151,0.0,6,0,0,0,0,0,1,1,0,0,1
649499135,20.304623,20.226398,28.90554,29.904612,0.0,2844.2405,0.12651703,1.194723,0.0,6,0,0,0,0,0,1,1,0,0,1
649991173,20.18832,20.265188,29.933985,29.407686,0.0,2848.195,0.12667894,1.1929189,0.0,6,0,0,0,0,0,1,1,0,0,1
650494921,20.0914,20.269857,31.040344,29.743587,0.0,2852.378,0.12684578,1.1926718,0.0,6,0,0,0,0,0,1,1,0,0,1
650999819,20.168936,20.21674,31.94413,31.124681,0.0,2856.8772,0.12690933,1.1950542,0.0,6,0,0,0,0,0,1,1,0,0,1
651503755,20.04294,20.227287,30.946848,30.560251,0.0,2861.0898,0.12700874,1.1944821,0.0,6,0,0,0,0,0,1,1,0,0,1
652007770,20.004173,20.174747,32.240196,31.78167,0.0,2865.6582,0.12700638,1.1968873,0.0,6,0,0,0,0,0,1,1,0,0,1
652511905,20.808605,20.217367,21.503853,30.478352,0.0,2869.95,0.1269594,1.1961948,0.0,6,0,0,0,0,0,1,1,0,0,1
653015754,19.868486,20.297327,35.216454,29.002823,0.0,2873.7244,0.12718846,1.1928791,0.0,6,0,0,0,0,0,1,1,0,0,1
653520565,19.383888,20.025316,42.22858,36.171143,0.0,2879.5022,0.12685111,1.2049046,0.0,6,0,0,0,0,0,1,1,0,0,1
654024643,19.14159,19.780806,43.22586,40.44139,0.0,2885.6003,0.12609795,1.2158357,0.0,6,0,0,0,0,0,1,1,0,0,1
654528527,19.451733,19.665949,40.000282,41.193104,0.0,2891.473,0.125111,1.2209252,0.0,6,0,0,0,0,0,1,1,0,0,1
655032563,19.7328,19.660282,37.834316,39.846455,0.0,2896.934,0.12413528,1.2210441,0.0,6,0,0,0,0,0,1,1,0,0,1
655525385,19.59711,19.694736,36.43189,38.109344,0.0,2901.9788,0.12328652,1.2195247,0.0,6,0,0,0,0,0,1,1,0,0,1
656029721,19.59711,19.72862,35.528103,36.85378,0.0,2907.0293,0.12249348,1.2180792,0.0,6,0,0,0,0,0,1,1,0,0,1
656533622,19.849102,19.772318,35.8865,36.22395,0.0,2912.0295,0.12178674,1.2159572,0.0,6,0,0,0,0,0,1,1,0,0,1
657037491,19.829718,19.788866,35.45019,35.844418,0.0,2917.0105,0.121126436,1.2152842,0.0,6,0,0,0,0,0,1,1,0,0,1
657541326,19.878178,19.79737,36.042328,35.827053,0.0,2922.0151,0.12048517,1.2149047,0.0,6,0,0,0,0,0,1,1,0,0,1
658046180,19.820026,19.794102,36.8682,35.962128,0.0,2927.0615,0.11985511,1.2151,0.0,6,0,0,0,0,0,1,1,0,0,1
658538178,19.955713,19.815044,34.9983,35.579,0.0,2931.9004,0.119271286,1.2140279,0.0,6,0,0,0,0,0,1,1,0,0,1
659042152,19.878178,19.824715,35.730675,35.38723,0.0,2936.8247,0.118719004,1.2136505,0.0,6,0,0,0,0,0,1,1,0,0,1
659546148,20.004173,19.822697,35.12296,35.511612,0.0,2941.8113,0.11815382,1.2137711,0.0,6,0,0,0,0,0,1,1,0,0,1
660038896,19.946022,19.870123,33.221893,34.254257,0.0,2946.3857,0.117694326,1.2116032,0.0,6,0,0,0,0,0,1,1,0,0,1
660543021,19.74249,19.879972,34.967133,34.373642,0.0,2951.1936,0.11726106,1.211228,0.0,6,0,0,0,0,0,1,1,0,0,1
661047019,19.752182,19.861921,35.80859,34.87602,0.0,2956.1177,0.11679618,1.2121242,0.0,6,0,0,0,0,0,1,1,0,0,1
661539147,19.713415,19.81758,36.353977,35.846855,0.0,2961.1157,0.11625353,1.2143415,0.0,6,0,0,0,0,0,1,1,0,0,1
662042929,19.7328,19.794668,35.99558,36.128372,0.0,2966.2073,0.1156554,1.2154651,0.0,6,0,0,0,0,0,1,1,0,0,1
662547866,19.810335,19.796799,35.574852,35.839355,0.0,2971.207,0.115070164,1.2153745,0.0,6,0,0,0,0,0,1,1,0,0,1
663039700,19.626186,19.77832,37.398006,36.22531,0.0,2976.182,0.11447954,1.2162478,0.0,6,0,0,0,0,0,1,1,0,0,1
663543715,19.752182,19.735102,37.522663,37.038445,0.0,2981.4604,0.11378428,1.2182755,0.0,6,0,0,0,0,0,1,1,0,0,1
664047740,19.858793,19.743801,36.712376,37.129253,0.0,2986.6804,0.113084175,1.2175821,0.0,6,0,0,0,0,0,1,1,0,0,1
664552517,19.752182,19.762444,35.029465,36.548397,0.0,2991.767,0.11245542,1.2165455,0.0,6,0,0,0,0,0,1,1,0,0,1
665056559,19.849102,19.783854,34.702232,35.637497,0.0,2996.6626,0.1119003,1.2156415,0.0,6,0,0,0,0,0,1,1,0,0,1
665560530,19.79095,19.80935,34.57757,35.05034,0.0,3001.5042,0.11140245,1.2144774,0.0,6,0,0,0,0,0,1,1,0,0,1
666064532,19.713415,19.805637,36.276066,35.191593,0.0,3006.4233,0.11090865,1.2148256,0.0,6,0,0,0,0,0,1,1,0,0,1
666568784,19.63588,19.757135,37.67849,36.483997,0.0,3011.6536,0.11031115,1.2172185,0.0,6,0,0,0,0,0,1,1,0,0,1
667061352,19.529268,19.71881,37.211014,37.090275,0.0,3016.8013,0.10964801,1.2190874,0.0,6,0,0,0,0,0,1,1,0,0,1
667565370,19.616495,19.69522,37.335674,37.236385,0.0,3022.0276,0.10894161,1.2202822,0.0,6,0,0,0,0,0,1,1,0,0,1
668069623,19.664955,19.675022,37.42917,37.476093,0.0,3027.2976,0.1082005,1.2212292,0.0,6,0,0,0,0,0,1,1,0,0,1
668573530,19.703722,19.668507,36.977276,37.25419,0.0,3032.4927,0.107455276,1.2215433,0.0,6,0,0,0,0,0,1,1,0,0,1
669078415,19.7328,19.678848,35.12296,36.684433,0.0,3037.5994,0.10673246,1.221117,0.0,6,0,0,0,0,0,1,1,0,0,1
669570249,19.68434,19.704573,35.964413,36.14544,0.0,3042.4768,0.10609043,1.2198998,0.0,6,0,0,0,0,0,1,1,0,0,1
670074420,19.79095,19.715649,35.855335,35.959076,0.0,3047.495,0.10546104,1.2194163,0.0,6,0,0,0,0,0,1,1,0,0,1
670578223,19.59711,19.709505,36.743538,36.166065,0.0,3052.5708,0.10483421,1.2198061,0.0,6,0,0,0,0,0,1,1,0,0,1
671083096,19.752182,19.70126,36.43189,36.512302,0.0,3057.7317,0.10417833,1.2202021,0.0,6,0,0,0,0,0,1,1,0,0,1
671587000,19.79095,19.712019,35.29437,36.2504,0.0,3062.7896,0.10355645,1.2196504,0.0,6,0,0,0,0,0,1,1,0,0,1
672091351,19.781258,19.713509,36.44747,36.12366,0.0,3067.8257,0.10295574,1.2196996,0.0,6,0,0,0,0,0,1,1,0,0,1
672595038,19.558344,19.697487,37.818733,36.724342,0.0,3073.0132,0.10232209,1.2204344,0.0,6,0,0,0,0,0,1,1,0,0,1
673086967,19.63588,19.676676,37.05519,37.070114,0.0,3078.1213,0.10166626,1.2214047,0.0,6,0,0,0,0,0,1,1,0,0,1
673591832,19.829718,19.687975,36.104656,36.67576,0.0,3083.2297,0.101027064,1.2208258,0.0,6,0,0,0,0,0,1,1,0,0,1
674095734,19.664955,19.698112,35.902084,36.381996,0.0,3088.285,0.10042109,1.2203901,0.0,6,0,0,0,0,0,1,1,0,0,1
674599863,15.012822,19.417534,63.810345,40.325363,0.0,3094.076,0.099629514,1.2349453,0.0,6,0,0,0,0,0,1,1,0,0,2
675103728,19.509884,19.100878,40.078194,45.555874,0.0,3101.3171,0.09752606,1.2501229,0.0,6,0,0,0,0,0,1,1,0,0,2
675595840,19.53896,19.22598,41.04431,42.662197,0.0,3106.8298,0.0959466,1.243571,0.0,6,0,0,0,0,0,1,1,0,0,2
676100682,20.120476,19.877195,29.996317,27.99512,0.0,3109.077,0.09572295,1.2160614,0.0,6,0,0,0,0,0,1,1,0,0,2
676604544,19.79095,19.87085,35.902084,32.226166,0.0,3113.9834,0.0953614,1.2154096,0.0,6,0,0,0,0,0,1,1,0,0,2
677096597,19.761875,19.867258,35.263203,33.925793,0.0,3118.8042,0.0950286,1.2141349,0.0,6,0,0,0,0,0,1,1,0,0,2
677600574,19.548653,19.821314,38.535526,35.450966,0.0,3123.8845,0.094678454,1.2155458,0.0,6,0,0,0,0,0,1,1,0,0,2
678105478,19.655264,19.75224,38.7381,37.072357,0.0,3129.255,0.09419524,1.2182455,0.0,6,0,0,0,0,0,1,1,0,0,2
678597465,19.63588,19.70898,37.834316,37.627174,0.0,3134.4639,0.09365913,1.2200338,0.0,6,0,0,0,0,0,1,1,0,0,2
679101328,19.63588,19.693653,36.8682,37.475887,0.0,3139.7017,0.09309935,1.2206532,0.0,6,0,0,0,0,0,1,1,0,0,2
679605332,19.655264,19.685236,37.179848,37.22478,0.0,3144.8833,0.09254268,1.2210454,0.0,6,0,0,0,0,0,1,1,0,0,2
680110387,19.752182,19.686335,37.30451,37.29495,0.0,3150.1208,0.09197747,1.2208035,0.0,6,0,0,0,0,0,1,1,0,0,2
680602186,19.64557,19.68789,36.603294,37.05159,0.0,3155.1594,0.091455676,1.2206365,0.0,6,0,0,0,0,0,1,1,0,0,2
681106137,19.69403,19.699905,35.93325,36.562443,0.0,3160.2358,0.09095564,1.2200869,0.0,6,0,0,0,0,0,1,1,0,0,2
681610169,19.781258,19.727272,35.24762,36.046173,0.0,3165.2358,0.09050759,1.2186978,0.0,6,0,0,0,0,0,1,1,0,0,2
682114910,19.868486,19.744238,34.68665,35.613075,0.0,3170.1855,0.09010958,1.2180344,0.0,6,0,0,0,0,0,1,1,0,0,2
682618952,19.887869,19.768126,34.43733,35.303154,0.0,3175.0918,0.08975176,1.2170094,0.0,6,0,0,0,0,0,1,1,0,0,2
683122968,19.68434,19.774912,36.260483,35.41407,0.0,3180.043,0.08940852,1.2167561,0.0,6,0,0,0,0,0,1,1,0,0,2
683626890,19.548653,19.735273,37.38242,36.38344,0.0,3185.2266,0.08900007,1.2186232,0.0,6,0,0,0,0,0,1,1,0,0,2
684118955,19.761875,19.720272,36.026745,36.613476,0.0,3190.2722,0.088561274,1.2191586,0.0,6,0,0,0,0,0,1,1,0,0,2
684623769,19.68434,19.726103,36.899364,36.400635,0.0,3195.3337,0.088144995,1.218812,0.0,6,0,0,0,0,0,1,1,0,0,2
685127770,19.64557,19.697405,37.16427,37.07178,0.0,3200.5942,0.08766379,1.2201657,0.0,6,0,0,0,0,0,1,1,0,0,2
685631780,19.723106,19.69454,37.522663,37.074505,0.0,3205.786,0.08718473,1.2202497,0.0,6,0,0,0,0,0,1,1,0,0,2
686135735,19.59711,19.663485,39.205574,37.648323,0.0,3211.097,0.08666166,1.2217958,0.0,6,0,0,0,0,0,1,1,0,0,2
686628139,19.53896,19.615871,39.03417,38.483955,0.0,3216.454,0.08605297,1.2241142,0.0,6,0,0,0,0,0,1,1,0,0,2
687132796,19.558344,19.599188,37.709656,38.383644,0.0,3221.838,0.0854031,1.2249502,0.0,6,0,0,0,0,0,1,1,0,0,2
687636542,19.548653,19.605217,38.130383,38.04585,0.0,3227.1238,0.08478202,1.2246999,0.0,6,0,0,0,0,0,1,1,0,0,2
688128814,19.568035,19.598892,38.348537,38.288944,0.0,3232.3877,0.08415627,1.2249753,0.0,6,0,0,0,0,0,1,1,0,0,2
688633266,19.626186,19.59142,38.76926,38.316154,0.0,3237.7578,0.08351268,1.2253753,0.0,6,0,0,0,0,0,1,1,0,0,2
689137304,19.616495,19.584854,37.351257,38.292583,0.0,3243.1326,0.082859844,1.2256969,0.0,6,0,0,0,0,0,1,1,0,0,2
689629477,19.616495,19.598131,37.32009,37.936256,0.0,3248.286,0.08226229,1.2250541,0.0,6,0,0,0,0,0,1,1,0,0,2
690133340,19.68434,19.617233,37.74082,37.585476,0.0,3253.5034,0.08169552,1.2242092,0.0,6,0,0,0,0,0,1,1,0,0,2
690637622,19.59711,19.618078,37.36684,37.535507,0.0,3258.7585,0.08113074,1.2242391,0.0,6,0,0,0,0,0,1,1,0,0,2
691142238,19.713415,19.636583,36.260483,36.93655,0.0,3263.885,0.08061703,1.2233057,0.0,6,0,0,0,0,0,1,1,0,0,2
691646229,19.761875,19.685303,34.468494,35.968475,0.0,3268.839,0.08020045,1.2207955,0.0,6,0,0,0,0,0,1,1,0,0,2
692150273,19.703722,19.711842,36.026745,35.599075,0.0,3273.7693,0.07985574,1.2195861,0.0,6,0,0,0,0,0,1,1,0,0,2
692642250,19.723106,19.707521,36.276066,35.79334,0.0,3278.676,0.07951293,1.2199132,0.0,6,0,0,0,0,0,1,1,0,0,2
693146152,19.771566,19.704443,35.855335,36.043694,0.0,3283.7468,0.07915432,1.2200998,0.0,6,0,0,0,0,0,1,1,0,0,2
693651131,19.771566,19.708267,35.93325,35.707417,0.0,3288.7217,0.07880912,1.2201507,0.0,6,0,0,0,0,0,1,1,0,0,2
694154962,19.63588,19.676842,37.80315,36.74348,0.0,3293.9563,0.07839912,1.2217476,0.0,6,0,0,0,0,0,1,1,0,0,2
694658914,19.64557,19.665558,36.369556,36.87811,0.0,3299.1511,0.07795304,1.2222501,0.0,6,0,0,0,0,0,1,1,0,0,2
695162956,19.64557,19.663548,36.260483,36.58936,0.0,3304.2485,0.07752475,1.2224376,0.0,6,0,0,0,0,0,1,1,0,0,2
695667912,19.907253,19.684376,34.780144,36.13164,0.0,3309.2808,0.07712988,1.2213196,0.0,6,0,0,0,0,0,1,1,0,0,2
696159729,19.59711,19.698101,36.587715,36.072144,0.0,3314.1802,0.07679083,1.2205616,0.0,6,0,0,0,0,0,1,1,0,0,2
696663730,19.858793,19.695303,35.356697,36.09884,0.0,3319.254,0.07643144,1.2206824,0.0,6,0,0,0,0,0,1,1,0,0,2
697167733,19.897562,19.721928,34.780144,35.591278,0.0,3324.1873,0.07612873,1.2193754,0.0,6,0,0,0,0,0,1,1,0,0,2
697672533,19.781258,19.745928,35.20087,35.098946,0.0,3329.054,0.07587965,1.2182986,0.0,6,0,0,0,0,0,1,1,0,0,2
698176661,19.674646,19.722036,36.540966,36.000744,0.0,3334.1765,0.075587474,1.2194445,0.0,6,0,0,0,0,0,1,1,0,0,2
698680497,19.703722,19.738434,35.154125,35.617424,0.0,3339.1301,0.07532304,1.2185798,0.0,6,0,0,0,0,0,1,1,0,0,2
699184693,19.664955,19.88329,35.777424,32.282764,0.0,3343.1897,0.07539737,1.2120321,0.0,6,0,0,0,0,0,1,1,0,0,2
701201383,19.664955,19.818901,34.842472,34.62853,0.0,3362.6904,0.07498274,1.2153443,0.0,6,0,0,0,0,0,1,1,0,0,2
701705385,19.83941,19.804897,34.515244,34.746426,0.0,3367.5715,0.07483674,1.215999,0.0,6,0,0,0,0,0,1,1,0,0,2
702198144,19.887869,19.806883,34.188007,34.671375,0.0,3372.3154,0.07469528,1.2157686,0.0,6,0,0,0,0,0,1,1,0,0,2
702702113,19.829718,19.806818,35.20087,34.53201,0.0,3377.131,0.07457131,1.2157503,0.0,6,0,0,0,0,0,1,1,0,0,2
703206156,19.849102,19.807993,34.468494,34.635586,0.0,3382.0037,0.074437715,1.2156336,0.0,6,0,0,0,0,0,1,1,0,0,2
703710244,19.771566,19.81367,34.68665,34.547993,0.0,3386.8237,0.07432483,1.2154032,0.0,6,0,0,0,0,0,1,1,0,0,2
704214988,19.752182,19.81218,34.56199,34.502464,0.0,3391.6584,0.07421193,1.2155133,0.0,6,0,0,0,0,0,1,1,0,0,2
704707127,19.713415,19.797203,35.029465,34.88062,0.0,3396.46,0.07407235,1.2162387,0.0,6,0,0,0,0,0,1,1,0,0,2
705211190,19.752182,19.77627,35.621597,35.3663,0.0,3401.4622,0.073885664,1.2171975,0.0,6,0,0,0,0,0,1,1,0,0,2
705715010,19.703722,19.752396,35.668346,35.70832,0.0,3406.4973,0.073663324,1.2183146,0.0,6,0,0,0,0,0,1,1,0,0,2
706219045,19.761875,19.735369,35.746258,35.89109,0.0,3411.541,0.07340874,1.2191381,0.0,6,0,0,0,0,0,1,1,0,0,2
706723723,19.703722,19.735355,35.091793,35.5734,0.0,3416.5017,0.07315477,1.2192146,0.0,6,0,0,0,0,0,1,1,0,0,2
707227739,19.626186,19.723843,35.82417,35.635452,0.0,3421.4902,0.07289816,1.2199033,0.0,6,0,0,0,0,0,1,1,0,0,2
707732031,19.83941,19.719404,36.151405,35.97917,0.0,3426.5662,0.07260558,1.2199762,0.0,6,0,0,0,0,0,1,1,0,0,2
708235685,19.771566,19.724302,35.8865,35.77817,0.0,3431.5508,0.07234194,1.2197351,0.0,6,0,0,0,0,0,1,1,0,0,2
708740534,19.810335,19.731731,35.154125,35.566772,0.0,3436.5215,0.072095565,1.2193309,0.0,6,0,0,0,0,0,1,1,0,0,2
709232674,19.64557,19.749598,34.9983,35.28374,0.0,3441.3154,0.07189213,1.2184085,0.0,6,0,0,0,0,0,1,1,0,0,2
709736526,19.577728,19.722445,36.18257,35.758858,0.0,3446.3635,0.07164881,1.2198217,0.0,6,0,0,0,0,0,1,1,0,0,2
710241731,19.713415,19.703693,36.19815,36.094746,0.0,3451.4692,0.07135762,1.2207191,0.0,6,0,0,0,0,0,1,1,0,0,2
710745310,19.79095,19.70047,35.793007,36.11248,0.0,3456.5205,0.07105979,1.2208474,0.0,6,0,0,0,0,0,1,1,0,0,2
711249606,19.74249,19.706354,36.338394,35.94055,0.0,3461.5393,0.070775054,1.2205467,0.0,6,0,0,0,0,0,1,1,0,0,2
711753563,19.771566,19.727432,34.343834,35.35196,0.0,3466.4417,0.07053624,1.2195657,0.0,6,0,0,0,0,0,1,1,0,0,2
712257325,19.752182,19.723099,36.43189,35.63531,0.0,3471.4353,0.07030393,1.2197596,0.0,6,0,0,0,0,0,1,1,0,0,2
712749471,19.761875,19.712414,35.699512,35.849575,0.0,3476.3657,0.07004642,1.2202859,0.0,6,0,0,0,0,0,1,1,0,0,2
713254178,19.7328,19.724163,35.341114,35.318893,0.0,3481.2686,0.06981565,1.2197912,0.0,6,0,0,0,0,0,1,1,0,0,3
713758170,19.7328,19.71238,36.057907,35.655003,0.0,3486.2864,0.06956822,1.2203536,0.0,6,0,0,0,0,0,1,1,0,0,3
714262286,19.781258,19.695564,35.902084,35.90229,0.0,3491.339,0.06929147,1.2211828,0.0,6,0,0,0,0,0,1,1,0,0,3
714766933,19.558344,19.694836,36.073494,35.91827,0.0,3496.3645,0.06901514,1.2212065,0.0,6,0,0,0,0,0,1,1,0,0,3
715271526,19.829718,19.705791,34.780144,35.595474,0.0,3501.3398,0.06874441,1.2206197,0.0,6,0,0,0,0,0,1,1,0,0,3
715775072,19.655264,19.713985,36.369556,35.440044,0.0,3506.2656,0.06851932,1.2202623,0.0,6,0,0,0,0,0,1,1,0,0,3
716278917,19.7328,19.719751,34.68665,35.37718,0.0,3511.226,0.068294354,1.2199385,0.0,6,0,0,0,0,0,1,1,0,0,3
716783120,20.48877,19.767874,21.908997,33.999493,0.0,3515.908,0.068148434,1.218606,0.0,6,0,0,0,0,0,1,1,0,0,3
717287676,20.23678,19.985193,26.879816,28.991158,0.0,3519.3865,0.06842992,1.2099749,0.0,6,0,0,0,0,0,1,1,0,0,3
717779756,21.69057,20.332258,5.781108,21.722929,0.0,3521.8616,0.06911887,1.1960958,0.0,6,0,0,0,0,0,1,1,0,0,3
718283770,21.88441,20.805794,3.786548,12.793762,0.0,3522.7222,0.07063186,1.1783876,0.0,6,0,0,0,0,0,1,1,0,0,3
718787748,21.923178,21.182724,3.7086353,7.5194283,0.0,3523.221,0.07253892,1.1657578,0.0,6,0,0,0,0,0,1,1,0,0,3
719292826,21.93287,21.435553,3.6930528,5.3295436,0.0,3523.7375,0.07462795,1.1573181,0.0,6,0,0,0,0,0,1,1,0,0,3
719796577,21.942562,21.60488,3.5528102,4.383537,0.0,3524.2502,0.07681881,1.1516621,0.0,6,0,0,0,0,0,1,1,0,0,3
720300589,21.952253,21.721373,3.6307228,3.9728155,0.0,3524.7634,0.07906629,1.1476953,0.0,6,0,0,0,0,0,1,1,0,0,3
720804557,21.961946,21.80207,3.8644602,3.833101,0.0,3525.286,0.08134238,1.144883,0.0,6,0,0,0,0,0,1,1,0,0,3
721308753,22.252705,21.94307,0.0,1.9974042,0.0,3525.4102,0.083734035,1.138465,0.0,6,0,0,0,0,0,1,1,0,0,3
721801332,22.272089,22.054846,0.0,0.8724396,0.0,3525.4102,0.086146004,1.1332911,0.0,6,0,0,0,0,0,1,1,0,0,3
722305533,22.272089,22.134998,0.0,0.37344867,0.0,3525.4102,0.08864378,1.1295856,0.0,6,0,0,0,0,0,1,1,0,0,3
722809511,22.291471,22.191492,0.0,0.1598551,0.0,3525.4102,0.091152176,1.1269692,0.0,6,0,0,0,0,0,1,1,0,0,3
723313374,22.320547,22.233086,0.0,0.068426155,0.0,3525.4102,0.09366175,1.1250298,0.0,6,0,0,0,0,0,1,1,0,0,3
723806140,22.310856,22.26548,0.0,0.029887639,0.0,3525.4102,0.09610808,1.1235011,0.0,6,0,0,0,0,0,1,1,0,0,3
724310232,22.388391,22.293896,0.0,0.012793433,0.0,3525.4102,0.09860763,1.1221421,0.0,6,0,0,0,0,0,1,1,0,0,3
724814134,22.349623,22.311224,0.0,0.005476241,0.0,3525.4102,0.10109827,1.1213182,0.0,6,0,0,0,0,0,1,1,0,0,3
